Location,Location_Type,Year,Month,Price_Studio,Price_1br,Price_2br,Price_3br,Price_4br,MoM_Price_Change,YoY_Price_Change
"National","National",2018,6,830,950,1178,1583,1844,.4,1.4
"Alabama","State",2018,6,608,662,804,1074,1250,.6,1.1
"Alaska","State",2018,6,815,932,1191,1684,2022,.1,-.7
"Arizona","State",2018,6,701,828,1046,1513,1755,.4,2.4
"Arkansas","State",2018,6,525,572,722,979,1146,.1,.6
"California","State",2018,6,1232,1450,1849,2561,2975,.4,2.1
"Colorado","State",2018,6,871,1025,1300,1873,2195,.5,.9
"Connecticut","State",2018,6,910,1089,1363,1732,2002,.3,1.2
"Delaware","State",2018,6,850,980,1195,1578,1792,.9,.5
"District of Columbia","State",2018,6,1398,1469,1695,2233,2772,.5,-.2
"Florida","State",2018,6,834,968,1206,1634,1962,.4,2.6
"Georgia","State",2018,6,817,865,1020,1354,1645,.3,2.2
"Hawaii","State",2018,6,1275,1439,1888,2704,3267,-.9,-3.6
"Idaho","State",2018,6,569,648,839,1179,1433,.6,2.9
"Illinois","State",2018,6,789,910,1092,1405,1663,.3,-.2
"Indiana","State",2018,6,560,651,819,1077,1216,.2,1.2
"Iowa","State",2018,6,528,611,782,1050,1174,.2,.2
"Kansas","State",2018,6,564,661,847,1149,1324,.4,1.2
"Kentucky","State",2018,6,538,604,769,1048,1207,.1,-.8
"Louisiana","State",2018,6,605,696,845,1093,1279,-.2,-.7
"Maine","State",2018,6,717,787,978,1288,1439,.1,.9
"Maryland","State",2018,6,1111,1247,1502,1958,2370,.5,.9
"Massachusetts","State",2018,6,1137,1302,1619,2032,2259,.6,1.4
"Michigan","State",2018,6,606,718,918,1230,1354,.3,1.5
"Minnesota","State",2018,6,696,846,1075,1492,1746,.3,2.1
"Mississippi","State",2018,6,585,665,810,1070,1210,.3,2.1
"Missouri","State",2018,6,575,663,848,1146,1314,.1,.2
"Montana","State",2018,6,550,613,778,1086,1297,-.2,-.8
"Nebraska","State",2018,6,531,648,829,1115,1254,.1,-.2
"Nevada","State",2018,6,714,870,1092,1585,1907,.5,3.8
"New Hampshire","State",2018,6,909,1021,1303,1714,1917,.5,2.2
"New Jersey","State",2018,6,1091,1251,1535,1985,2292,.3,.8
"New Mexico","State",2018,6,567,665,818,1141,1350,0,.6
"New York","State",2018,6,1157,1278,1521,1955,2153,.5,.7
"North Carolina","State",2018,6,690,748,899,1211,1460,.6,1
"North Dakota","State",2018,6,557,610,785,1104,1266,.3,-.3
"Ohio","State",2018,6,569,659,847,1122,1257,.3,1
"Oklahoma","State",2018,6,532,601,771,1046,1216,.2,.5
"Oregon","State",2018,6,880,988,1213,1758,2111,-.1,-1.1
"Pennsylvania","State",2018,6,711,826,1022,1300,1431,.4,1.2
"Rhode Island","State",2018,6,849,962,1164,1476,1768,.4,-1.1
"South Carolina","State",2018,6,683,778,933,1240,1495,.6,1.8
"South Dakota","State",2018,6,487,565,723,987,1121,.1,.4
"Tennessee","State",2018,6,614,694,857,1143,1346,.4,1.4
"Texas","State",2018,6,731,843,1049,1415,1744,.4,2.1
"Utah","State",2018,6,660,795,983,1411,1646,.3,3.2
"Vermont","State",2018,6,868,977,1232,1630,1791,.5,2.1
"Virginia","State",2018,6,995,1049,1238,1658,2029,.5,.7
"Washington","State",2018,6,1010,1159,1453,2092,2478,.2,.9
"West Virginia","State",2018,6,544,606,736,976,1107,.5,-.2
"Wisconsin","State",2018,6,579,679,861,1141,1278,.2,.7
"Wyoming","State",2018,6,544,609,782,1064,1259,.3,-.1
"Aberdeen, MD","City",2018,6,787,956,1199,1542,1806,.3,1
"Abilene, TX","City",2018,6,589,642,853,1067,1420,-.3,-.4
"Abington, MA","City",2018,6,1281,1462,1813,2278,2511,1.6,-.9
"Acworth, GA","City",2018,6,929,974,1125,1477,1816,0,.3
"Addison, TX","City",2018,6,829,988,1228,1665,2121,1.2,-.7
"Adelanto, CA","City",2018,6,836,1001,1251,1758,2166,-.5,2.5
"Agoura Hills, CA","City",2018,6,1964,2338,3004,4083,4502,.3,-.1
"Aiken, SC","City",2018,6,625,687,827,1125,1458,0,
"Akron, OH","City",2018,6,538,621,822,1059,1135,1.1,3.7
"Alameda, CA","City",2018,6,1950,2396,3010,4050,4816,1.1,2.9
"Albany, GA","City",2018,6,595,634,773,1037,1072,-1,-1.4
"Albany, NY","City",2018,6,753,893,1099,1375,1514,.1,2.8
"Albany, OR","City",2018,6,632,752,989,1441,1690,-.2,2.4
"Albuquerque, NM","City",2018,6,548,704,864,1257,1522,-.1,.7
"Alexandria, VA","City",2018,6,1508,1584,1830,2413,2992,.8,.8
"Aliso Viejo, CA","City",2018,6,1380,1643,2111,2869,3163,.3,-17.7
"Allen, TX","City",2018,6,1042,1242,1544,2093,2666,.4,1.7
"Allentown, PA","City",2018,6,721,884,1117,1428,1559,-.7,1.6
"Alpharetta, GA","City",2018,6,1171,1228,1419,1863,2289,.3,.4
"Alpine, CA","City",2018,6,1438,1593,2066,2975,3641,1.3,2.8
"Altamonte Springs, FL","City",2018,6,953,1041,1247,1659,1996,.9,4.9
"Amarillo, TX","City",2018,6,535,643,842,1107,1328,.2,-1.4
"Ames, IA","City",2018,6,650,817,993,1365,1640,-.9,
"Anaheim, CA","City",2018,6,1363,1622,2084,2833,3124,-.3,1.7
"Anchorage, AK","City",2018,6,734,846,1085,1579,1911,0,-.7
"Anderson, IN","City",2018,6,604,696,867,1159,1331,.4,
"Anderson, SC","City",2018,6,583,664,797,1060,1254,.7,1.5
"Andover, MA","City",2018,6,1094,1249,1548,1946,2145,-5.8,
"Ankeny, IA","City",2018,6,636,752,925,1254,1366,.6,-1.9
"Ann Arbor, MI","City",2018,6,1009,1075,1297,1781,2234,.1,2
"Annapolis, MD","City",2018,6,1241,1507,1891,2431,2847,1.1,4.8
"Anniston, AL","City",2018,6,302,328,436,567,635,-.1,-.6
"Anoka, MN","City",2018,6,767,945,1192,1688,1973,.3,3.4
"Antelope, CA","City",2018,6,1153,1299,1647,2393,2902,.4,3.4
"Antioch, CA","City",2018,6,2322,2854,3585,4823,5735,-.2,3.9
"Antioch, IL","City",2018,6,831,965,1135,1451,1727,.2,1.8
"Apache Junction, AZ","City",2018,6,470,571,711,1035,1201,-.2,1
"Apex, NC","City",2018,6,912,1106,1287,1705,2015,1.6,.7
"Apopka, FL","City",2018,6,891,974,1167,1553,1868,.4,2.1
"Apple Valley, CA","City",2018,6,758,906,1134,1593,1963,0,1
"Aransas Pass, TX","City",2018,6,619,648,809,1078,1239,.6,
"Ardmore, PA","City",2018,6,996,1182,1427,1786,1987,-.3,1.3
"Arlington Heights, IL","City",2018,6,1074,1246,1466,1875,2232,.7,-.7
"Arlington, MA","City",2018,6,1325,1512,1874,2356,2596,.5,5.4
"Arlington, TX","City",2018,6,824,982,1221,1655,2108,.4,3.3
"Arlington, VA","City",2018,6,1708,1794,2073,2734,3390,1.2,1
"Arvada, CO","City",2018,6,999,1221,1545,2245,2600,1.1,4.2
"Ashburn, VA","City",2018,6,1896,1991,2300,3033,3761,1.7,7.2
"Asheboro, NC","City",2018,6,508,569,672,899,1065,.2,
"Asheville, NC","City",2018,6,872,885,1106,1471,1931,.9,2.8
"Ashland, OR","City",2018,6,657,692,920,1340,1536,-.4,-1.4
"Athens, GA","City",2018,6,679,757,887,1204,1536,.8,4.1
"Atlanta, GA","City",2018,6,972,1019,1177,1545,1899,.4,1.9
"Auburn Hills, MI","City",2018,6,762,921,1198,1591,1726,-.2,3.5
"Auburn, AL","City",2018,6,623,688,915,1233,1494,1.7,4
"Auburn, WA","City",2018,6,1163,1332,1659,2407,2863,-.2,2.7
"Audubon, NJ","City",2018,6,746,886,1070,1338,1489,.4,2.1
"Augusta, GA","City",2018,6,583,641,772,1051,1361,.5,1.8
"Aurora, CO","City",2018,6,1002,1224,1549,2250,2606,.3,-.3
"Aurora, IL","City",2018,6,962,1116,1313,1679,1999,.5,2
"Austell, GA","City",2018,6,851,892,1031,1353,1663,0,1.1
"Austin, TX","City",2018,6,938,1137,1404,1902,2288,.8,.6
"Avon, IN","City",2018,6,822,954,1181,1583,1805,-.4,3.9
"Avon, OH","City",2018,6,916,1096,1366,1795,1901,-1.2,
"Avondale, AZ","City",2018,6,815,990,1233,1795,2083,.5,2.2
"Bakersfield, CA","City",2018,6,693,722,937,1357,1633,.1,2
"Balch Springs, TX","City",2018,6,746,889,1105,1498,1909,0,3.2
"Ballwin, MO","City",2018,6,884,1003,1302,1724,2012,.1,-.7
"Baltimore, MD","City",2018,6,786,954,1197,1539,1802,.8,-.6
"Bangor, ME","City",2018,6,677,733,928,1166,1416,1.3,
"Baton Rouge, LA","City",2018,6,640,782,906,1148,1440,-.2,-4.1
"Battle Creek, MI","City",2018,6,555,691,862,1141,1250,.1,.1
"Bay City, MI","City",2018,6,464,557,732,963,1009,-.6,
"Bay Shore, NY","City",2018,6,1350,1499,1786,2302,2564,.5,
"Bayonne, NJ","City",2018,6,1169,1298,1546,1994,2221,-1.6,
"Baytown, TX","City",2018,6,763,865,1058,1443,1834,.5,2.8
"Beachwood, OH","City",2018,6,948,1134,1412,1857,1966,1.3,6.6
"Beaumont, TX","City",2018,6,654,830,1008,1302,1420,-3.3,-3.2
"Beaverton, OR","City",2018,6,1342,1493,1761,2564,3103,.7,.6
"Bedford, OH","City",2018,6,518,620,772,1015,1075,0,
"Bedford, TX","City",2018,6,854,1018,1265,1716,2185,1.2,3.1
"Beech Grove, IN","City",2018,6,582,675,836,1121,1278,.4,2.9
"Bel Air, MD","City",2018,6,1006,1222,1533,1971,2309,1.3,
"Bellbrook, OH","City",2018,6,669,746,974,1309,1545,-.1,
"Belleville, IL","City",2018,6,636,721,937,1241,1448,-.1,.7
"Belleville, MI","City",2018,6,744,849,1080,1468,1649,.8,2.9
"Bellevue, NE","City",2018,6,598,753,941,1267,1389,.3,0
"Bellevue, WA","City",2018,6,1635,1872,2332,3384,4025,.5,.1
"Bellflower, CA","City",2018,6,1166,1388,1784,2424,2673,-.1,3
"Bellingham, MA","City",2018,6,1466,1673,2074,2607,2873,1.3,
"Bellingham, WA","City",2018,6,763,861,1119,1621,1951,-.1,4.4
"Bellmawr, NJ","City",2018,6,775,920,1110,1389,1546,.7,1.4
"Belmont, CA","City",2018,6,2204,2708,3402,4577,5443,.8,.6
"Belton, MO","City",2018,6,691,874,1072,1465,1658,-.5,
"Bend, OR","City",2018,6,767,841,983,1411,1731,.5,.2
"Benicia, CA","City",2018,6,1087,1355,1695,2466,2986,-.6,4.2
"Bensenville, IL","City",2018,6,886,1028,1209,1546,1840,0,1.4
"Bentonville, AR","City",2018,6,625,663,856,1229,1496,-.2,-.3
"Berkeley, CA","City",2018,6,1719,2113,2654,3571,4246,.9,-5.2
"Berkley, MI","City",2018,6,991,1197,1558,2069,2244,-.7,
"Bethany, OK","City",2018,6,618,684,876,1199,1464,.2,4
"Bethesda, MD","City",2018,6,2020,2121,2450,3232,4008,.8,2.3
"Bethlehem, PA","City",2018,6,695,852,1077,1377,1504,-.7,
"Beverly Hills, CA","City",2018,6,2670,3178,4083,5550,6119,.1,.9
"Beverly, MA","City",2018,6,1212,1383,1715,2155,2375,.1,2.9
"Biloxi, MS","City",2018,6,653,685,790,1110,1326,-.1,1.1
"Binghamton, NY","City",2018,6,652,717,921,1245,1431,-.1,
"Birmingham, AL","City",2018,6,721,811,939,1263,1416,1.1,1.6
"Bismarck, ND","City",2018,6,593,607,801,1114,1404,.6,-.5
"Bixby, OK","City",2018,6,611,724,935,1261,1387,-.1,1.8
"Blackwood, NJ","City",2018,6,945,1122,1355,1695,1886,2.8,10.2
"Bloomfield Hills, MI","City",2018,6,788,952,1239,1646,1785,.5,
"Bloomingdale, IL","City",2018,6,1257,1459,1716,2195,2612,1,5.6
"Bloomingdale, NJ","City",2018,6,1520,1687,2010,2592,2887,-3,.2
"Bloomington, IL","City",2018,6,546,600,792,1072,1358,.1,-.6
"Bloomington, IN","City",2018,6,682,734,935,1250,1580,.1,1.4
"Blue Springs, MO","City",2018,6,717,907,1112,1521,1721,0,.7
"Bluffton, SC","City",2018,6,1089,1165,1345,1761,2292,-.6,11.1
"Boca Raton, FL","City",2018,6,1167,1443,1830,2520,3034,.2,1.7
"Boerne, TX","City",2018,6,916,1128,1418,1875,2252,2.4,8.6
"Boise, ID","City",2018,6,587,721,925,1339,1576,1,3.6
"Bolingbrook, IL","City",2018,6,1096,1272,1496,1913,2277,.4,.4
"Bonita Springs, FL","City",2018,6,854,937,1162,1516,1720,-1.4,2.6
"Bonita, CA","City",2018,6,1597,1769,2294,3304,4043,.4,3.4
"Bossier City, LA","City",2018,6,635,774,902,1149,1278,.2,.4
"Boston, MA","City",2018,6,1478,1686,2091,2627,2896,.3,0
"Bothell, WA","City",2018,6,1583,1812,2256,3275,3895,.5,4.8
"Boulder City, NV","City",2018,6,603,737,914,1330,1603,-.7,.8
"Boulder, CO","City",2018,6,1016,1157,1412,2014,2355,.6,2
"Bountiful, UT","City",2018,6,651,782,1003,1431,1679,0,4.1
"Bowie, MD","City",2018,6,1985,2084,2408,3176,3938,1.3,-2.3
"Bowling Green, KY","City",2018,6,574,622,789,1082,1295,.2,1
"Boynton Beach, FL","City",2018,6,1062,1314,1666,2293,2761,.5,2
"Bradenton, FL","City",2018,6,866,931,1196,1642,1995,.6,3.5
"Brandon, FL","City",2018,6,879,1004,1250,1652,1982,0,1.1
"Brea, CA","City",2018,6,1465,1744,2241,3045,3358,.3,3.2
"Bremerton, WA","City",2018,6,618,753,974,1392,1629,.2,
"Brentwood, CA","City",2018,6,2345,2882,3621,4871,5793,,
"Bridgeton, MO","City",2018,6,599,679,881,1168,1362,0,-.2
"Brighton, CO","City",2018,6,1045,1273,1613,2344,2722,1.5,6.4
"Brighton, MI","City",2018,6,733,886,1153,1532,1662,0,
"Bristol, CT","City",2018,6,680,842,1054,1328,1489,-.1,-3.3
"Brockport, NY","City",2018,6,629,743,921,1153,1270,-.3,-.6
"Brockton, MA","City",2018,6,1154,1317,1633,2052,2262,-.5,-1.2
"Broken Arrow, OK","City",2018,6,677,802,1036,1397,1536,-.9,2.1
"Bronxville, NY","City",2018,6,1433,1591,1896,2444,2722,-1.1,-1.2
"Brookline, MA","City",2018,6,1863,2125,2636,3312,3651,1.2,.1
"Brooksville, FL","City",2018,6,668,742,935,1242,1504,-1.1,-1.6
"Broomfield, CO","City",2018,6,1130,1356,1701,2461,2857,.9,3.3
"Brownsburg, IN","City",2018,6,654,759,940,1260,1436,.4,-.7
"Brownsville, TX","City",2018,6,516,523,678,895,1053,-.9,-3.8
"Brunswick, OH","City",2018,6,596,713,889,1169,1238,.7,
"Bryan, TX","City",2018,6,625,700,846,1232,1491,.2,.2
"Bryn Mawr, PA","City",2018,6,1090,1294,1563,1955,2175,.3,-.4
"Buckeye, AZ","City",2018,6,788,957,1192,1735,2013,-.5,1
"Buena Park, CA","City",2018,6,1377,1639,2106,2862,3155,.4,4.8
"Buffalo Grove, IL","City",2018,6,1145,1328,1563,1998,2378,.1,1.3
"Buffalo, NY","City",2018,6,708,716,870,1106,1278,-.5,1.5
"Buford, GA","City",2018,6,994,1048,1230,1597,1858,-.8,1.9
"Bullhead City, AZ","City",2018,6,573,653,826,1183,1277,.9,
"Burbank, CA","City",2018,6,1370,1630,2095,2847,3139,1.2,6.3
"Burleson, TX","City",2018,6,942,1122,1394,1890,2408,-.5,7.8
"Burlingame, CA","City",2018,6,2227,2736,3438,4625,5500,1.6,5.9
"Burlington, MA","City",2018,6,1691,1929,2392,3006,3313,.5,1.9
"Burlington, NC","City",2018,6,716,752,928,1258,1399,0,1
"Burnsville, MN","City",2018,6,876,1080,1362,1929,2255,.6,2.7
"Burton, MI","City",2018,6,536,635,844,1112,1206,-.3,1.9
"Calabasas, CA","City",2018,6,1976,2352,3022,4108,4529,.4,3.1
"Caldwell, ID","City",2018,6,495,607,779,1128,1328,-.4,-1.7
"California City, CA","City",2018,6,752,783,1017,1471,1772,-.4,
"California, MD","City",2018,6,1098,1336,1559,2103,2682,.8,1.3
"Calumet City, IL","City",2018,6,766,889,1046,1338,1592,0,-.2
"Camarillo, CA","City",2018,6,1507,1788,2376,3384,4044,.9,1.9
"Cambridge, MA","City",2018,6,1593,1818,2254,2832,3122,.6,2
"Camp Hill, PA","City",2018,6,707,853,1085,1407,1504,2.2,-6.6
"Campbell, CA","City",2018,6,1625,1910,2394,3323,3830,.3,.5
"Canandaigua, NY","City",2018,6,695,822,1018,1275,1404,.8,2.7
"Canby, OR","City",2018,6,1329,1478,1744,2539,3073,-1.1,1.5
"Canton, GA","City",2018,6,961,1008,1164,1528,1878,.2,3.8
"Cape Coral, FL","City",2018,6,829,895,1112,1442,1609,-.7,-1.2
"Carbondale, IL","City",2018,6,530,593,767,1074,1205,-.5,.7
"Carlisle, PA","City",2018,6,599,724,902,1160,1242,,
"Carlsbad, CA","City",2018,6,1713,1897,2460,3543,4336,1.1,3
"Carmel, IN","City",2018,6,830,963,1192,1598,1822,-.6,.3
"Carmichael, CA","City",2018,6,821,925,1173,1703,2066,-.3,.7
"Carnegie, PA","City",2018,6,501,581,727,910,1002,.1,.3
"Carol Stream, IL","City",2018,6,961,1115,1311,1677,1996,.6,-1.1
"Carpentersville, IL","City",2018,6,945,1097,1291,1651,1964,-.2,.4
"Carrboro, NC","City",2018,6,752,883,1042,1415,1572,-1.2,-.4
"Carrollton, GA","City",2018,6,670,703,812,1066,1310,0,3.8
"Carrollton, TX","City",2018,6,925,1102,1370,1857,2365,.2,3.6
"Carson City, NV","City",2018,6,621,759,967,1408,1705,.5,.8
"Carson, CA","City",2018,6,1262,1503,1931,2624,2893,.5,-2.5
"Cary, IL","City",2018,6,962,1116,1313,1680,1999,0,
"Cary, NC","City",2018,6,869,1068,1236,1619,1967,1.1,1.2
"Casa Grande, AZ","City",2018,6,622,756,942,1371,1590,1.2,4.9
"Casper, WY","City",2018,6,574,658,809,1116,1386,1.1,-3.6
"Casselberry, FL","City",2018,6,971,1061,1271,1691,2034,1,5.3
"Cassopolis, MI","City",2018,6,492,599,754,975,1040,,
"Castle Rock, CO","City",2018,6,1164,1421,1799,2614,3028,1.9,7
"Castro Valley, CA","City",2018,6,2024,2487,3124,4204,4998,.3,2.6
"Catonsville, MD","City",2018,6,915,1111,1394,1792,2099,.5,2.2
"Cedar Falls, IA","City",2018,6,536,641,812,1076,1315,-.2,2
"Cedar Hill, TX","City",2018,6,960,1144,1422,1928,2455,.1,.3
"Cedar Park, TX","City",2018,6,1078,1306,1613,2185,2629,.4,1.4
"Cedar Rapids, IA","City",2018,6,576,677,894,1266,1406,.5,1.9
"Center Line, MI","City",2018,6,429,519,675,897,973,0,
"Centreville, VA","City",2018,6,1536,1613,1863,2458,3048,.1,-3.5
"Champaign, IL","City",2018,6,604,743,921,1157,1541,-.4,-1.7
"Champlin, MN","City",2018,6,882,1087,1371,1941,2270,-.2,2.8
"Chandler, AZ","City",2018,6,892,1083,1350,1965,2279,.8,6.1
"Chanhassen, MN","City",2018,6,1037,1278,1612,2282,2668,-.2,5.6
"Chapel Hill, NC","City",2018,6,866,1017,1199,1629,1809,0,4.5
"Charleston, SC","City",2018,6,838,960,1144,1515,1957,1.6,4.3
"Charlotte, MI","City",2018,6,524,652,812,1073,1209,.3,
"Charlotte, NC","City",2018,6,866,959,1118,1507,1893,.5,1.4
"Charlottesville, VA","City",2018,6,794,1085,1252,1573,1856,.2,1.1
"Chaska, MN","City",2018,6,851,1049,1324,1875,2192,.3,3.3
"Chattanooga, TN","City",2018,6,613,721,896,1182,1465,-.3,.6
"Chelsea, MA","City",2018,6,1344,1534,1902,2390,2634,1.1,2.4
"Chesapeake, VA","City",2018,6,983,988,1189,1660,2071,0,1.5
"Chester, VA","City",2018,6,1041,1091,1259,1669,2033,.8,1.2
"Chesterfield, MO","City",2018,6,865,980,1273,1686,1967,-.3,2
"Cheyenne, WY","City",2018,6,606,635,844,1181,1375,-.2,-3.1
"Chicago Heights, IL","City",2018,6,788,915,1076,1376,1637,-.2,
"Chicago, IL","City",2018,6,929,1079,1269,1623,1931,.3,-1.3
"Chickasha, OK","City",2018,6,476,527,675,924,1128,0,
"Chico, CA","City",2018,6,772,858,1087,1582,1901,0,2.2
"Chino Hills, CA","City",2018,6,1313,1567,1985,2747,3220,.4,3.6
"Chino, CA","City",2018,6,1062,1267,1608,2219,2580,0,
"Chula Vista, CA","City",2018,6,1487,1647,2136,3076,3765,.7,2.7
"Cincinnati, OH","City",2018,6,551,641,843,1178,1375,.4,1.8
"Citrus Heights, CA","City",2018,6,958,1079,1369,1988,2412,.6,5.6
"Claremont, CA","City",2018,6,1236,1471,1890,2568,2832,-.1,3.4
"Clarkston, GA","City",2018,6,843,884,1021,1340,1647,-.1,4.1
"Clarksville, TN","City",2018,6,495,597,766,1050,1174,.1,2
"Clawson, MI","City",2018,6,550,665,865,1149,1246,-1.2,
"Clearfield, UT","City",2018,6,638,766,982,1401,1644,.5,
"Clearwater, FL","City",2018,6,834,952,1185,1567,1880,.6,3.8
"Clementon, NJ","City",2018,6,860,1021,1233,1542,1716,-.2,1
"Clemmons, NC","City",2018,6,695,715,872,1212,1387,.4,2.6
"Clemson, SC","City",2018,6,800,911,1094,1454,1721,-1.8,
"Cleveland, OH","City",2018,6,524,627,781,1026,1087,-.9,-1.5
"Clifton Heights, PA","City",2018,6,823,977,1180,1476,1642,1.4,4.4
"Clinton, MI","City",2018,6,677,721,870,1194,1497,-.3,1.1
"Clovis, CA","City",2018,6,953,1004,1261,1791,2090,-.2,3.5
"Cockeysville, MD","City",2018,6,899,1092,1370,1761,2063,.1,2.1
"Cohoes, NY","City",2018,6,701,831,1023,1279,1409,.2,
"College Park, MD","City",2018,6,1482,1556,1798,2371,2940,.9,-.8
"College Station, TX","City",2018,6,720,807,975,1420,1718,.1,-1.3
"Collierville, TN","City",2018,6,856,956,1130,1536,1800,.4,.3
"Collingswood, NJ","City",2018,6,933,1108,1337,1673,1862,.2,3.7
"Collinsville, IL","City",2018,6,613,696,903,1196,1396,0,
"Colorado Springs, CO","City",2018,6,782,952,1228,1785,2163,.1,2.2
"Columbia, MD","City",2018,6,1252,1521,1908,2453,2873,.5,-.6
"Columbia, MO","City",2018,6,515,573,726,1012,1239,0,-.2
"Columbia, SC","City",2018,6,657,829,958,1267,1578,.1,-.3
"Columbus, GA","City",2018,6,595,638,764,1064,1347,.2,.5
"Columbus, IN","City",2018,6,667,795,958,1238,1369,-.5,1
"Columbus, OH","City",2018,6,625,739,953,1226,1427,0,.5
"Comstock Park, MI","City",2018,6,566,693,842,1193,1317,0,
"Concord, CA","City",2018,6,1929,2371,2979,4008,4766,-1.2,-.1
"Concord, NC","City",2018,6,731,809,943,1272,1597,1,-2.2
"Conroe, TX","City",2018,6,771,874,1070,1459,1854,.6,3.3
"Converse, TX","City",2018,6,840,1035,1301,1721,2066,.3,1.3
"Conway, AR","City",2018,6,554,642,776,1047,1246,.2,.8
"Conyers, GA","City",2018,6,886,930,1074,1410,1732,1.6,3.1
"Coppell, TX","City",2018,6,1048,1249,1552,2104,2680,1.5,2.5
"Copperas Cove, TX","City",2018,6,588,592,785,1112,1382,-.4,1.9
"Coralville, IA","City",2018,6,654,775,1018,1462,1783,-.2,-3.3
"Coram, NY","City",2018,6,1926,2139,2548,3285,3659,.6,15.8
"Cornelius, NC","City",2018,6,812,899,1049,1414,1776,2.3,1.5
"Corona, CA","City",2018,6,1462,1749,2188,3074,3787,.4,3.2
"Coronado, CA","City",2018,6,2643,2927,3797,5468,6691,0,-.9
"Corpus Christi, TX","City",2018,6,807,845,1055,1407,1616,.7,4.4
"Corte Madera, CA","City",2018,6,1985,2440,3065,4124,4904,-.1,-.3
"Corvallis, OR","City",2018,6,678,818,1026,1494,1797,.2,2
"Costa Mesa, CA","City",2018,6,1535,1828,2348,3192,3519,.2,1.9
"Council Bluffs, IA","City",2018,6,588,740,925,1245,1365,1.2,
"Covina, CA","City",2018,6,1341,1596,2051,2787,3073,-.3,2.6
"Covington, GA","City",2018,6,895,938,1084,1423,1749,-.4,
"Covington, KY","City",2018,6,570,664,873,1220,1424,.2,-.9
"Covington, LA","City",2018,6,658,718,895,1135,1313,-.5,
"Cranston, RI","City",2018,6,893,1002,1217,1545,1816,.3,.5
"Crest Hill, IL","City",2018,6,830,963,1133,1449,1724,2.7,
"Crestview, FL","City",2018,6,714,763,899,1297,1575,-.8,2
"Crofton, MD","City",2018,6,1170,1422,1783,2292,2685,-.5,.6
"Crystal Lake, IL","City",2018,6,1091,1266,1489,1904,2266,-.6,2.8
"Culver City, CA","City",2018,6,1494,1778,2285,3105,3424,.1,6.2
"Cumming, GA","City",2018,6,1173,1230,1421,1865,2292,2.8,2.3
"Cupertino, CA","City",2018,6,3538,4159,5212,7235,8340,-.1,2.7
"Cypress, CA","City",2018,6,1482,1764,2266,3080,3396,.4,.8
"Dallas, GA","City",2018,6,914,959,1107,1454,1787,.2,4.4
"Dallas, TX","City",2018,6,749,893,1109,1504,1915,.3,1
"Daly City, CA","City",2018,6,1998,2455,3084,4150,4935,.6,3.3
"Dana Point, CA","City",2018,6,1730,2059,2646,3596,3965,.6,3.5
"Danbury, CT","City",2018,6,973,1191,1503,1901,2277,.9,2.5
"Danvers, MA","City",2018,6,1501,1712,2123,2668,2941,-.3,1.7
"Danville, CA","City",2018,6,3548,4361,5478,7371,8765,.7,-.8
"Daphne, AL","City",2018,6,1139,1196,1379,2007,2306,.2,2.7
"Darien, IL","City",2018,6,1057,1226,1442,1845,2195,1.3,-.8
"Davenport, FL","City",2018,6,969,988,1276,1693,2128,.1,
"Davenport, IA","City",2018,6,506,617,788,1036,1134,.1,-.2
"Davidson, NC","City",2018,6,817,904,1055,1422,1786,-1.5,-9.9
"Davis, CA","City",2018,6,1110,1317,1658,2410,2921,.2,5.8
"Davison, MI","City",2018,6,468,561,737,976,1058,.2,
"Dayton, OH","City",2018,6,584,652,852,1146,1352,.2,1
"Daytona Beach, FL","City",2018,6,674,812,1013,1365,1533,.7,.6
"DeLand, FL","City",2018,6,700,825,1021,1372,1562,2.1,
"DeSoto, TX","City",2018,6,815,971,1207,1636,2084,.3,-1.2
"DeWitt, MI","City",2018,6,709,878,1086,1454,1697,-.8,.5
"Dearborn Heights, MI","City",2018,6,781,943,1228,1630,1769,.2,.4
"Dearborn, MI","City",2018,6,830,1003,1305,1733,1880,1.1,1.2
"Decatur, AL","City",2018,6,477,575,716,954,1000,.1,2.6
"Decatur, GA","City",2018,6,956,1003,1159,1521,1869,.3,.8
"Dedham, MA","City",2018,6,1695,1934,2398,3014,3322,1.9,4.7
"Deer Park, TX","City",2018,6,883,1001,1224,1669,2122,1,5.1
"Deerfield Beach, FL","City",2018,6,963,1191,1510,2078,2503,.3,2.4
"Delray Beach, FL","City",2018,6,946,1170,1483,2042,2459,-.1,1.2
"Deltona, FL","City",2018,6,741,892,1113,1499,1683,-.1,.5
"Denham Springs, LA","City",2018,6,693,848,982,1243,1560,.9,
"Denton, TX","City",2018,6,720,858,1066,1446,1842,1,1.8
"Denver, CO","City",2018,6,866,1058,1340,1946,2254,.5,.7
"Des Moines, IA","City",2018,6,564,667,821,1112,1212,.5,2.2
"Des Plaines, IL","City",2018,6,892,1036,1218,1558,1854,.3,1.3
"Desert Hot Springs, CA","City",2018,6,713,853,1067,1500,1848,1.7,
"Destin, FL","City",2018,6,1167,1246,1470,2120,2573,1.7,3.5
"Detroit, MI","City",2018,6,569,688,895,1188,1289,.4,1.3
"Dothan, AL","City",2018,6,591,597,757,1012,1217,.8,1.9
"Douglasville, GA","City",2018,6,994,1042,1204,1581,1943,-.2,3.4
"Dover, DE","City",2018,6,981,1061,1223,1781,2155,.9,-1.1
"Dover, NH","City",2018,6,880,1004,1245,1564,1724,-.8,
"Downey, CA","City",2018,6,1178,1402,1802,2449,2701,.1,2.2
"Doylestown, PA","City",2018,6,1141,1355,1636,2046,2277,.7,-.9
"Drexel Hill, PA","City",2018,6,759,901,1087,1360,1514,.1,.5
"Duarte, CA","City",2018,6,1263,1503,1932,2626,2895,.6,
"Dublin, CA","City",2018,6,2476,3043,3823,5143,6116,1,3
"Dublin, OH","City",2018,6,752,889,1145,1473,1714,1,0
"Duluth, GA","City",2018,6,1175,1232,1423,1868,2296,.3,2.6
"Duluth, MN","City",2018,6,584,677,866,1124,1349,.3,1
"Duncanville, TX","City",2018,6,852,1015,1262,1711,2179,-.1,.4
"Dundalk, MD","City",2018,6,772,937,1176,1512,1771,-.4,2.8
"Dunedin, FL","City",2018,6,848,969,1206,1594,1913,0,2.3
"Durham, NC","City",2018,6,784,929,1092,1473,1664,1.5,1.9
"Easley, SC","City",2018,6,625,711,854,1135,1343,.2,
"East Hartford, CT","City",2018,6,789,976,1222,1541,1727,.4,1.4
"East Haven, CT","City",2018,6,1026,1171,1429,1825,2130,.5,2.5
"East Lansing, MI","City",2018,6,624,773,956,1280,1494,-.1,.2
"East Orange, NJ","City",2018,6,1176,1306,1556,2007,2235,.8,4
"Eastpointe, MI","City",2018,6,669,809,1052,1398,1516,1.3,
"Eaton Rapids, MI","City",2018,6,590,728,913,1212,1349,-.9,
"Eden Prairie, MN","City",2018,6,1150,1417,1787,2531,2959,.7,1.7
"Edgewater, NJ","City",2018,6,3264,3624,4317,5567,6200,-.1,-.4
"Edgewood, MD","City",2018,6,851,1034,1298,1668,1954,.3,-.5
"Edinburg, TX","City",2018,6,588,592,769,962,1144,.2,-.3
"Edmond, OK","City",2018,6,721,799,1022,1399,1708,0,-1.3
"Edmonds, WA","City",2018,6,1455,1665,2074,3010,3580,2.8,8.3
"El Cajon, CA","City",2018,6,1129,1250,1622,2335,2858,-.9,.5
"El Cerrito, CA","City",2018,6,2243,2756,3462,4658,5539,-1.8,.1
"El Monte, CA","City",2018,6,1060,1261,1621,2203,2429,.8,10
"El Paso, TX","City",2018,6,548,687,837,1206,1440,.4,1
"Elgin, IL","City",2018,6,866,1005,1182,1512,1799,.6,1.1
"Elgin, SC","City",2018,6,776,980,1132,1496,1864,-1.1,-.2
"Elizabeth, NJ","City",2018,6,1063,1180,1406,1812,2018,0,-1.5
"Elizabethtown, KY","City",2018,6,522,562,746,1086,1315,-1,
"Elizabethtown, PA","City",2018,6,622,747,935,1201,1289,.2,
"Elk Grove Village, IL","City",2018,6,1000,1160,1365,1745,2077,.9,3.2
"Elk Grove, CA","City",2018,6,1202,1354,1717,2494,3026,-.3,.8
"Elkhart, IN","City",2018,6,588,698,926,1158,1329,-.6,
"Elkridge, MD","City",2018,6,1219,1480,1857,2387,2796,.3,2
"Elkton, MD","City",2018,6,876,1040,1255,1570,1748,.4,3
"Ellicott City, MD","City",2018,6,1220,1482,1859,2390,2799,1.1,2.4
"Elyria, OH","City",2018,6,580,694,865,1137,1204,.8,7.9
"Emeryville, CA","City",2018,6,1953,2400,3015,4057,4824,.8,.2
"Encinitas, CA","City",2018,6,1733,1919,2490,3585,4388,2.2,6.3
"Englewood, CO","City",2018,6,993,1213,1535,2230,2583,1.8,1.7
"Englewood, FL","City",2018,6,532,565,738,1020,1239,.2,2.1
"Englewood, NJ","City",2018,6,1434,1592,1897,2445,2724,-.1,.5
"Ephrata, PA","City",2018,6,570,679,856,1097,1180,.1,
"Erie, PA","City",2018,6,553,568,724,921,1004,.3,
"Erlanger, KY","City",2018,6,591,688,905,1263,1475,.4,.6
"Escondido, CA","City",2018,6,1301,1440,1869,2691,3293,1,4
"Essex, MD","City",2018,6,725,881,1105,1420,1664,.3,1
"Estero, FL","City",2018,6,1252,1351,1678,2177,2429,4.3,11.5
"Euclid, OH","City",2018,6,538,644,802,1055,1117,-.1,-.6
"Eugene, OR","City",2018,6,682,809,1076,1559,1878,-.4,.4
"Euless, TX","City",2018,6,825,984,1222,1657,2111,.7,5.6
"Evanston, IL","City",2018,6,1120,1299,1529,1955,2326,.7,1
"Evansville, IN","City",2018,6,619,662,861,1077,1187,0,1
"Everett, WA","City",2018,6,1177,1348,1678,2436,2897,1.3,3.1
"Fair Oaks, CA","City",2018,6,779,877,1113,1616,1961,1.6,-.8
"Fairbanks, AK","City",2018,6,713,846,1124,1636,1981,.3,.9
"Fairborn, OH","City",2018,6,560,619,806,1061,1222,.2,.6
"Fairburn, GA","City",2018,6,887,931,1075,1412,1735,1.5,8.7
"Fairfax, VA","City",2018,6,1806,1897,2192,2891,3585,1.6,4.7
"Fairfield, CA","City",2018,6,1051,1311,1639,2386,2888,.5,3.8
"Fairfield, OH","City",2018,6,704,820,1078,1505,1757,-.1,2.9
"Fairview, OR","City",2018,6,1362,1515,1788,2602,3150,.3,
"Fall River, MA","City",2018,6,760,852,1035,1314,1544,-.4,1.9
"Falls Church, VA","City",2018,6,1378,1447,1672,2205,2735,1,-.4
"Fargo, ND","City",2018,6,534,654,834,1215,1387,.1,.9
"Farmington, MI","City",2018,6,768,928,1208,1604,1740,-.4,1
"Fayetteville, AR","City",2018,6,547,581,750,1076,1310,.1,-2.3
"Fayetteville, GA","City",2018,6,944,991,1144,1502,1846,-.8,.2
"Fayetteville, NC","City",2018,6,619,623,771,1071,1324,.4,2.2
"Federal Way, WA","City",2018,6,1214,1390,1731,2512,2988,.3,7
"Fenton, MI","City",2018,6,630,755,991,1312,1422,-.2,-.3
"Ferndale, MI","City",2018,6,597,722,939,1248,1354,-.5,
"Fishers, IN","City",2018,6,834,968,1198,1606,1831,.5,.1
"Flagstaff, AZ","City",2018,6,921,1092,1356,1712,2027,-.2,
"Fleming Island, FL","City",2018,6,1193,1531,1874,2480,3143,3.6,
"Flint, MI","City",2018,6,461,546,726,956,1036,.5,.4
"Florence, KY","City",2018,6,634,738,970,1355,1582,.3,2
"Florham Park, NJ","City",2018,6,3309,3675,4378,5645,6287,-.3,8.3
"Florissant, MO","City",2018,6,678,769,998,1322,1543,.1,.4
"Flower Mound, TX","City",2018,6,1518,1809,2247,3047,3881,.7,-.1
"Flushing, MI","City",2018,6,486,577,766,1010,1094,0,
"Folsom, CA","City",2018,6,1273,1434,1818,2641,3204,1.9,4.4
"Fontana, CA","City",2018,6,887,1061,1327,1865,2298,.6,3.8
"Forest Grove, OR","City",2018,6,1078,1199,1414,2059,2492,-.1,
"Forest Lake, MN","City",2018,6,716,883,1113,1577,1844,-.1,-1.8
"Forest Park, GA","City",2018,6,774,812,938,1231,1513,.5,5.5
"Fort Collins, CO","City",2018,6,835,950,1163,1693,2049,.4,.1
"Fort Lauderdale, FL","City",2018,6,925,1144,1451,1997,2405,.3,2.3
"Fort Lee, NJ","City",2018,6,1850,2054,2447,3155,3514,1.3,7.4
"Fort Mill, SC","City",2018,6,873,966,1127,1519,1907,.9,4.3
"Fort Myers, FL","City",2018,6,840,907,1126,1461,1629,2.5,5.4
"Fort Pierce, FL","City",2018,6,779,808,1005,1403,1728,6.3,14.9
"Fort Smith, AR","City",2018,6,486,502,661,876,1058,.2,1.8
"Fort Walton Beach, FL","City",2018,6,849,906,1068,1541,1870,3.7,8.9
"Fort Wayne, IN","City",2018,6,517,599,760,976,1089,.2,1
"Fort Worth, TX","City",2018,6,770,917,1140,1546,1969,.6,1.5
"Fountain Hills, AZ","City",2018,6,857,1041,1297,1887,2189,2,2.1
"Fountain Valley, CA","City",2018,6,1560,1856,2386,3242,3575,.3,3.5
"Fox Lake, IL","City",2018,6,806,936,1101,1408,1675,0,
"Framingham, MA","City",2018,6,1305,1489,1847,2321,2558,-.4,.1
"Frankfort, KY","City",2018,6,520,594,756,1059,1254,.5,1.3
"Franklin, IN","City",2018,6,635,738,913,1224,1396,.3,2.2
"Franklin, TN","City",2018,6,953,1061,1304,1737,2042,1.1,3.2
"Frederick, MD","City",2018,6,1268,1332,1539,2029,2517,.6,3.1
"Fredericksburg, VA","City",2018,6,1352,1420,1640,2164,2681,.2,.6
"Fremont, CA","City",2018,6,2428,2984,3749,5044,5998,.9,5.7
"Fresno, CA","City",2018,6,774,820,1025,1453,1698,.1,2.3
"Friendswood, TX","City",2018,6,990,1123,1374,1873,2380,-.3,-1
"Frisco, TX","City",2018,6,1057,1260,1566,2123,2704,0,-1.7
"Fullerton, CA","City",2018,6,1295,1541,1980,2691,2967,.1,1.8
"Gainesville, FL","City",2018,6,680,781,957,1283,1459,.4,.1
"Gainesville, GA","City",2018,6,772,817,974,1251,1383,.2,.2
"Gainesville, VA","City",2018,6,2012,2113,2441,3219,3992,.3,-1.3
"Gaithersburg, MD","City",2018,6,1448,1520,1756,2316,2872,.6,.3
"Gallatin, TN","City",2018,6,788,878,1078,1436,1689,.2,3.1
"Galveston, TX","City",2018,6,767,870,1064,1451,1844,-1.3,-3.5
"Garden City, MI","City",2018,6,717,866,1127,1497,1624,.1,
"Garden Grove, CA","City",2018,6,1368,1628,2092,2843,3134,-.2,1
"Gardner, KS","City",2018,6,713,902,1106,1512,1711,.5,2.8
"Garland, TX","City",2018,6,827,985,1224,1660,2114,.4,.2
"Garner, NC","City",2018,6,803,994,1147,1495,1839,1,1.7
"Gary, IN","City",2018,6,670,778,915,1171,1393,-.8,-3.7
"Gastonia, NC","City",2018,6,611,677,789,1064,1336,.1,.3
"Georgetown, TX","City",2018,6,1003,1216,1501,2033,2446,.3,1.6
"Germantown, MD","City",2018,6,1611,1692,1954,2577,3196,1.2,2.3
"Gig Harbor, WA","City",2018,6,1469,1686,2104,3051,3626,1.6,
"Gilbert, AZ","City",2018,6,958,1164,1451,2111,2449,1.4,7
"Gilroy, CA","City",2018,6,1594,1874,2348,3260,3758,-.3,
"Gladstone, OR","City",2018,6,1366,1520,1794,2611,3160,.1,.4
"Glassboro, NJ","City",2018,6,839,996,1203,1505,1675,-.5,4.9
"Glen Allen, VA","City",2018,6,1230,1290,1488,1973,2403,1.5,5.4
"Glen Burnie, MD","City",2018,6,965,1172,1471,1891,2214,.4,.8
"Glen Cove, NY","City",2018,6,1778,1975,2353,3033,3378,.9,6.4
"Glen Ellyn, IL","City",2018,6,874,1015,1194,1527,1817,.3,2.5
"Glendale Heights, IL","City",2018,6,980,1137,1337,1710,2035,-.3,-2.7
"Glendale, AZ","City",2018,6,737,895,1115,1623,1883,.2,2.6
"Glendale, CA","City",2018,6,1182,1407,1808,2457,2709,.9,2.8
"Glendora, CA","City",2018,6,1419,1689,2170,2949,3251,.6,1.8
"Glenolden, PA","City",2018,6,808,959,1158,1449,1613,.5,1.3
"Glenwood, IL","City",2018,6,823,956,1124,1438,1711,-.1,
"Golden, CO","City",2018,6,1019,1232,1551,2247,2606,1.2,.8
"Goodlettsville, TN","City",2018,6,846,942,1157,1542,1813,-.4,2.1
"Goodyear, AZ","City",2018,6,930,1130,1408,2050,2378,.4,1.7
"Goose Creek, SC","City",2018,6,935,1073,1277,1692,2186,-.5,2.4
"Grand Blanc, MI","City",2018,6,610,731,960,1271,1378,.4,1.2
"Grand Forks, ND","City",2018,6,495,599,781,1093,1300,-.1,-1.1
"Grand Junction, CO","City",2018,6,619,633,841,1224,1481,-2.3,-6.4
"Grand Ledge, MI","City",2018,6,475,588,727,973,1136,0,
"Grand Prairie, TX","City",2018,6,838,999,1241,1683,2144,.7,.8
"Grand Rapids, MI","City",2018,6,620,759,922,1306,1442,0,2.1
"Grandview, MO","City",2018,6,526,666,816,1115,1262,-.4,-.3
"Grandville, MI","City",2018,6,593,726,881,1248,1378,.9,
"Grapevine, TX","City",2018,6,885,1054,1310,1776,2262,.2,-.5
"Grayson, GA","City",2018,6,1238,1299,1500,1970,2421,-.6,-4.8
"Greenbelt, MD","City",2018,6,1313,1379,1593,2101,2606,-.1,-3.1
"Greensboro, NC","City",2018,6,647,725,856,1146,1357,.6,2.4
"Greenville, NC","City",2018,6,679,683,862,1208,1406,-.1,.9
"Greenville, SC","City",2018,6,631,718,862,1146,1357,1.1,1.7
"Greenwood, IN","City",2018,6,621,721,893,1197,1364,-.2,1.2
"Greer, SC","City",2018,6,637,762,922,1230,1425,1.3,6
"Gresham, OR","City",2018,6,1258,1400,1652,2404,2910,.1,1.4
"Gretna, NE","City",2018,6,706,888,1110,1494,1638,.4,
"Grove City, OH","City",2018,6,698,825,1063,1368,1591,0,2.3
"Gulf Breeze, FL","City",2018,6,1040,1051,1259,1745,2218,,
"Gulfport, MS","City",2018,6,640,671,775,1088,1299,.4,-4.3
"Gurnee, IL","City",2018,6,1042,1209,1422,1819,2164,.9,.5
"Hackensack, NJ","City",2018,6,1299,1442,1718,2215,2467,-.7,-.4
"Hales Corners, WI","City",2018,6,849,1032,1279,1612,1809,1.7,5.5
"Haltom City, TX","City",2018,6,641,764,950,1288,1640,-.2,.2
"Hamburg, NY","City",2018,6,729,737,897,1140,1317,3.3,4.4
"Hamilton, OH","City",2018,6,567,660,868,1212,1416,.2,1.4
"Hammond, IN","City",2018,6,723,839,986,1262,1501,-.1,1.5
"Hampton, VA","City",2018,6,866,870,1047,1462,1824,.4,2.5
"Hanahan, SC","City",2018,6,807,926,1102,1460,1886,.5,5.9
"Hanover Park, IL","City",2018,6,1037,1204,1416,1811,2155,2,
"Harker Heights, TX","City",2018,6,540,544,721,1022,1270,-.3,.7
"Harlingen, TX","City",2018,6,599,607,786,1038,1221,.4,1.3
"Harrisburg, PA","City",2018,6,653,790,983,1266,1355,.7,0
"Harrisburg, SD","City",2018,6,595,716,887,1201,1417,.9,
"Harrisonburg, VA","City",2018,6,685,690,879,1183,1548,.2,1.5
"Hartford, CT","City",2018,6,703,871,1090,1374,1540,.1,.2
"Haslett, MI","City",2018,6,505,625,773,1036,1209,1,.4
"Hatfield, PA","City",2018,6,1001,1188,1435,1795,1997,4.3,8.3
"Hattiesburg, MS","City",2018,6,663,764,929,1242,1294,-.3,1.5
"Haverhill, MA","City",2018,6,1076,1227,1522,1912,2108,-1,4.7
"Hawthorne, CA","City",2018,6,1003,1194,1534,2085,2299,0,3.4
"Hayward, CA","City",2018,6,1857,2282,2868,3858,4588,.7,2.9
"Hazel Park, MI","City",2018,6,631,762,992,1317,1429,0,
"Hazelwood, MO","City",2018,6,592,672,872,1155,1348,.1,.3
"Helotes, TX","City",2018,6,881,1085,1364,1804,2166,-2.6,
"Hemet, CA","City",2018,6,814,973,1218,1711,2108,.2,4.1
"Henderson, NV","City",2018,6,866,1059,1312,1910,2301,.4,1.3
"Hendersonville, NC","City",2018,6,667,677,846,1125,1477,1.1,
"Hendersonville, TN","City",2018,6,892,993,1219,1625,1910,.4,4.4
"Hermosa Beach, CA","City",2018,6,1824,2171,2790,3791,4181,.2,-.4
"Herndon, VA","City",2018,6,1782,1872,2162,2852,3536,0,-.9
"Herriman, UT","City",2018,6,898,1111,1379,1986,2281,1.3,8.1
"Hershey, PA","City",2018,6,663,734,923,1198,1347,.6,0
"Hesperia, CA","City",2018,6,847,1013,1267,1780,2193,.9,
"Hialeah, FL","City",2018,6,897,1109,1407,1936,2332,.1,3.9
"High Point, NC","City",2018,6,647,707,843,1141,1337,1.1,2.4
"Highland Park, IL","City",2018,6,1084,1258,1480,1893,2252,-.1,
"Highland Park, MI","City",2018,6,488,590,767,1019,1106,3.7,4.5
"Highland, CA","City",2018,6,680,814,1018,1430,1762,-.1,.2
"Hilliard, OH","City",2018,6,620,733,945,1216,1415,.1,-1.7
"Hillsboro, OR","City",2018,6,1527,1699,2004,2917,3531,.4,-1.6
"Hilton, NY","City",2018,6,752,889,1101,1379,1519,2.1,7.3
"Hinesville, GA","City",2018,6,651,708,817,1148,1432,-.5,-.4
"Hingham, MA","City",2018,6,1826,2084,2584,3247,3579,-1,
"Hoboken, NJ","City",2018,6,1978,2196,2616,3373,3757,.8,.5
"Hoffman Estates, IL","City",2018,6,942,1094,1287,1646,1958,0,-2.5
"Holiday, FL","City",2018,6,742,847,1055,1394,1673,-1.6,-2.9
"Holland, MI","City",2018,6,598,732,889,1259,1390,.9,1.1
"Holly Springs, NC","City",2018,6,862,1043,1214,1611,1899,1.1,3.7
"Holly, MI","City",2018,6,577,692,909,1203,1304,-.9,
"Hollywood, FL","City",2018,6,905,1119,1419,1953,2352,.5,2.2
"Holt, MI","City",2018,6,569,704,871,1166,1361,0,
"Homestead, FL","City",2018,6,926,1145,1452,1999,2407,.8,2.6
"Homewood, IL","City",2018,6,901,1046,1230,1574,1873,.2,3.1
"Honolulu, HI","City",2018,6,1352,1514,2011,2927,3523,-1.1,-5.2
"Hope Mills, NC","City",2018,6,640,644,797,1108,1370,1.1,8.8
"Hopewell, VA","City",2018,6,751,788,909,1205,1468,-.5,
"Hopkins, MN","City",2018,6,904,1114,1405,1989,2326,.7,7.6
"Hopkinsville, KY","City",2018,6,400,489,632,868,965,.4,
"Horn Lake, MS","City",2018,6,773,863,1020,1386,1625,-.1,.5
"Horsham, PA","City",2018,6,954,1133,1367,1711,1904,.5,.9
"Houston, TX","City",2018,6,742,841,1029,1404,1784,.3,3.7
"Howell, MI","City",2018,6,755,913,1188,1577,1711,1.6,4.8
"Humble, TX","City",2018,6,909,1031,1261,1719,2185,1,4.1
"Huntersville, NC","City",2018,6,984,1090,1271,1713,2152,1.5,.6
"Huntington Beach, CA","City",2018,6,1528,1819,2337,3176,3502,-.7,-1
"Huntsville, AL","City",2018,6,563,646,777,1056,1369,.6,.9
"Hurst, TX","City",2018,6,748,891,1108,1502,1913,.4,5.7
"Hutto, TX","City",2018,6,974,1181,1458,1975,2377,3.2,2.8
"Hyattsville, MD","City",2018,6,1243,1306,1508,1989,2467,1,2.7
"Idaho Falls, ID","City",2018,6,547,628,834,1149,1377,1,
"Imperial Beach, CA","City",2018,6,1162,1287,1670,2404,2942,0,1.3
"Independence, MO","City",2018,6,576,729,893,1221,1382,0,.5
"Indianapolis, IN","City",2018,6,596,692,857,1149,1309,.3,1.8
"Indio, CA","City",2018,6,808,967,1209,1699,2093,.2,.7
"Inglewood, CA","City",2018,6,999,1189,1527,2076,2289,0,3.1
"Inkster, MI","City",2018,6,538,650,846,1123,1219,-.2,-1.2
"Inver Grove Heights, MN","City",2018,6,818,1008,1271,1800,2104,-.5,2.1
"Iowa City, IA","City",2018,6,721,855,1123,1612,1966,.6,1.5
"Irmo, SC","City",2018,6,691,872,1007,1332,1660,1.2,
"Irvine, CA","City",2018,6,1758,2092,2688,3654,4029,.5,2.9
"Irving, TX","City",2018,6,816,972,1208,1637,2086,.4,1.8
"Jackson, MI","City",2018,6,491,603,768,1011,1065,.5,-1.4
"Jackson, MS","City",2018,6,588,696,841,1063,1229,.4,5.1
"Jacksonville Beach, FL","City",2018,6,906,1163,1424,1884,2387,-.6,3.3
"Jacksonville, AR","City",2018,6,503,582,704,950,1130,-.3,-2.5
"Jacksonville, FL","City",2018,6,681,874,1069,1415,1793,.5,2.6
"Jacksonville, NC","City",2018,6,579,583,710,1033,1251,.9,1
"Jefferson City, MO","City",2018,6,474,507,664,956,1046,0,.5
"Jensen Beach, FL","City",2018,6,894,928,1154,1612,1984,-1,-3.8
"Jersey City, NJ","City",2018,6,1424,1581,1884,2429,2705,.1,-1.2
"Johnson City, TN","City",2018,6,483,532,683,874,1011,.8,-.4
"Joliet, IL","City",2018,6,883,1025,1206,1542,1835,.5,1.5
"Jonesboro, AR","City",2018,6,474,587,719,986,1004,0,-1
"Jonesboro, GA","City",2018,6,953,999,1154,1515,1862,.5,5.1
"Junction City, KS","City",2018,6,566,569,756,1093,1329,-.6,-2.7
"Jupiter, FL","City",2018,6,1099,1268,1597,2210,2683,.6,.9
"Kalamazoo, MI","City",2018,6,578,709,881,1199,1374,.2,1.3
"Kansas City, KS","City",2018,6,569,720,882,1206,1365,-.6,-.7
"Kansas City, MO","City",2018,6,585,741,908,1242,1405,.5,1.1
"Katy, TX","City",2018,6,1019,1155,1414,1927,2449,.2,4.2
"Keller, TX","City",2018,6,1114,1328,1650,2237,2850,.4,2.4
"Kemah, TX","City",2018,6,1032,1170,1432,1952,2480,-1,4
"Kenmore, WA","City",2018,6,1518,1738,2164,3142,3736,.9,.6
"Kennesaw, GA","City",2018,6,1140,1196,1381,1814,2229,.4,3.8
"Kennewick, WA","City",2018,6,649,790,978,1335,1723,.2,1.7
"Kent, OH","City",2018,6,561,647,859,1104,1184,.4,1.1
"Kent, WA","City",2018,6,1273,1458,1815,2635,3134,.9,3.8
"Kernersville, NC","City",2018,6,703,755,906,1236,1439,.9,4.8
"Killeen, TX","City",2018,6,560,564,748,1060,1317,.1,.8
"King of Prussia, PA","City",2018,6,1049,1245,1503,1880,2093,.6,1.6
"Kingsport, TN","City",2018,6,435,463,612,803,883,-2.6,
"Kirkland, WA","City",2018,6,1478,1692,2107,3059,3638,1.7,.2
"Kissimmee, FL","City",2018,6,939,1023,1229,1635,1972,.5,4.9
"Knoxville, TN","City",2018,6,610,776,952,1239,1598,.3,4.3
"Kokomo, IN","City",2018,6,534,581,772,1044,1064,-.2,-1.4
"La Habra, CA","City",2018,6,1295,1541,1980,2691,2967,-.1,3.5
"La Mesa, CA","City",2018,6,1266,1402,1819,2619,3205,.2,1.1
"La Mirada, CA","City",2018,6,1534,1826,2346,3189,3516,.5,3.1
"La Quinta, CA","City",2018,6,932,1115,1395,1960,2415,0,1.5
"La Vista, NE","City",2018,6,648,815,1019,1371,1504,.6,1.4
"LaGrange, GA","City",2018,6,639,670,774,1016,1249,.5,
"Lacey, WA","City",2018,6,871,963,1189,1731,2096,.1,4.4
"Lafayette, CO","City",2018,6,1454,1641,1993,2835,3318,-1.6,
"Lafayette, IN","City",2018,6,595,656,800,1096,1363,.1,.2
"Lafayette, LA","City",2018,6,569,681,812,1076,1200,-.2,-2
"Laguna Beach, CA","City",2018,6,1794,2136,2744,3730,4112,1.9,5.3
"Laguna Hills, CA","City",2018,6,1668,1985,2551,3467,3823,.4,2.4
"Laguna Niguel, CA","City",2018,6,1536,1828,2349,3192,3520,1.2,1.6
"Lake Charles, LA","City",2018,6,552,697,870,1129,1283,-2,-.3
"Lake Elsinore, CA","City",2018,6,1265,1510,1913,2646,3099,-.2,3.9
"Lake Forest, CA","City",2018,6,1574,1873,2407,3272,3607,.6,2.7
"Lake Jackson, TX","City",2018,6,707,802,981,1338,1700,1.6,5.7
"Lake Mary, FL","City",2018,6,1229,1343,1609,2140,2575,-.6,2
"Lake Oswego, OR","City",2018,6,1498,1667,1966,2862,3464,.6,.4
"Lake Worth, FL","City",2018,6,858,1061,1345,1852,2230,1,3.4
"Lakeland, FL","City",2018,6,780,794,1035,1372,1729,-.1,1.1
"Lakeside, CA","City",2018,6,1172,1298,1684,2425,2967,.6,3.2
"Lakeville, MN","City",2018,6,993,1224,1544,2186,2556,.2,4.1
"Lakewood, CA","City",2018,6,1443,1718,2208,3000,3308,-.2,.1
"Lakewood, NJ","City",2018,6,1345,1494,1779,2294,2555,0,
"Lakewood, OH","City",2018,6,558,668,832,1094,1159,.5,2.7
"Lakewood, WA","City",2018,6,1002,1147,1429,2074,2466,.6,5.1
"Lancaster, CA","City",2018,6,1163,1369,1761,2405,2673,.3,4.9
"Lancaster, OH","City",2018,6,657,777,1001,1287,1498,-.5,-.2
"Lancaster, PA","City",2018,6,676,806,1015,1301,1400,0,-1.5
"Lancaster, TX","City",2018,6,751,895,1113,1508,1921,0,2.4
"Lansdale, PA","City",2018,6,1096,1301,1570,1965,2186,1.7,4.5
"Lansdowne, PA","City",2018,6,796,945,1141,1428,1589,-.1,2
"Lansing, IL","City",2018,6,772,896,1055,1349,1605,.1,-.4
"Lansing, MI","City",2018,6,561,695,859,1151,1343,.1,1.9
"Lapeer, MI","City",2018,6,571,690,898,1193,1294,.1,.7
"Laredo, TX","City",2018,6,614,656,837,1107,1268,0,1.1
"Largo, FL","City",2018,6,839,958,1193,1578,1893,1.7,8.2
"Larkspur, CA","City",2018,6,2368,2911,3657,4920,5850,1.2,2.8
"Las Cruces, NM","City",2018,6,502,585,710,1021,1251,0,.5
"Las Vegas, NV","City",2018,6,752,920,1140,1659,1999,.5,4.9
"Laughlin, NV","City",2018,6,649,793,983,1431,1724,5.2,19
"Laurel, MD","City",2018,6,1224,1341,1590,2080,2533,.4,-1.8
"Lawrence, KS","City",2018,6,599,711,931,1338,1609,.2,2
"Lawrence, MA","City",2018,6,1195,1364,1691,2125,2342,.4,2.8
"Lawrenceville, GA","City",2018,6,1084,1137,1313,1724,2119,.4,1.7
"Lawton, OK","City",2018,6,492,499,659,924,1041,-.1,-.1
"Layton, UT","City",2018,6,715,859,1101,1572,1844,.6,5.3
"League City, TX","City",2018,6,1078,1222,1495,2038,2591,.1,2.2
"Leawood, KS","City",2018,6,905,1146,1405,1921,2174,1.8,-3.8
"Lebanon, IN","City",2018,6,549,637,789,1057,1206,-.9,.6
"Lebanon, OH","City",2018,6,662,771,1014,1416,1653,0,2.8
"Leesburg, VA","City",2018,6,1633,1715,1982,2614,3241,1.7,2.4
"Lehigh Acres, FL","City",2018,6,725,782,972,1261,1406,-.1,
"Lemon Grove, CA","City",2018,6,1235,1368,1774,2555,3126,.8,2.3
"Lenexa, KS","City",2018,6,746,944,1157,1582,1790,.7,2.5
"Levittown, PA","City",2018,6,1013,1203,1452,1817,2022,.2,.8
"Lewisville, TX","City",2018,6,848,1011,1256,1703,2169,.5,4.5
"Lexington Park, MD","City",2018,6,994,1210,1411,1903,2428,1.9,3.5
"Lexington, KY","City",2018,6,578,662,849,1213,1496,.5,-1.3
"Lexington, MA","City",2018,6,2842,3242,4020,5052,5568,1.4,1.1
"Lexington, SC","City",2018,6,737,931,1075,1422,1772,1,3.9
"Liberty, MO","City",2018,6,588,745,913,1248,1412,.1,4.3
"Lilburn, GA","City",2018,6,1078,1130,1306,1714,2107,.6,3.5
"Lincoln Park, MI","City",2018,6,570,688,896,1190,1291,-.2,1.2
"Lincoln, NE","City",2018,6,554,646,851,1212,1464,.2,.3
"Lindsay, CA","City",2018,6,541,544,711,1031,1184,-.2,
"Lisle, IL","City",2018,6,1000,1160,1365,1745,2077,1.7,-3.6
"Lithia Springs, GA","City",2018,6,958,1005,1160,1523,1872,.3,5
"Lithonia, GA","City",2018,6,1013,1063,1228,1612,1981,0,6.7
"Little Rock, AR","City",2018,6,615,713,862,1162,1383,-.1,.3
"Littleton, CO","City",2018,6,1196,1461,1849,2687,3112,.6,.9
"Livermore, CA","City",2018,6,1977,2404,3018,4091,4829,.3,1.8
"Liverpool, NY","City",2018,6,654,731,923,1209,1321,1.4,-1.6
"Livonia, MI","City",2018,6,777,940,1223,1624,1762,.2,2.9
"Lodi, CA","City",2018,6,624,742,979,1426,1725,0,
"Logan, UT","City",2018,6,449,567,695,1012,1137,.2,4.5
"Loganville, GA","City",2018,6,1080,1133,1309,1718,2112,.1,5.4
"Loma Linda, CA","City",2018,6,857,1025,1282,1801,2219,1.6,-.2
"Lombard, IL","City",2018,6,1115,1294,1522,1946,2316,1.2,-1.7
"Lone Tree, CO","City",2018,6,1303,1591,2014,2926,3389,.8,2
"Long Beach, CA","City",2018,6,1155,1374,1766,2400,2646,0,2.1
"Long Branch, NJ","City",2018,6,1476,1639,1953,2518,2805,1.4,3.5
"Longboat Key, FL","City",2018,6,1369,1472,1891,2595,3154,.2,3.6
"Longmont, CO","City",2018,6,917,1038,1267,1814,2144,.6,2.8
"Longview, TX","City",2018,6,707,771,938,1209,1463,.3,-.6
"Lorain, OH","City",2018,6,486,581,724,952,1009,0,-1.5
"Los Altos, CA","City",2018,6,3288,3864,4844,6723,7750,2.7,9.7
"Los Angeles, CA","City",2018,6,1143,1361,1748,2376,2620,.2,1.6
"Los Gatos, CA","City",2018,6,2020,2375,2989,4136,4760,1.1,.2
"Louisville, CO","City",2018,6,1295,1519,1884,2710,3155,1.1,.6
"Louisville, KY","City",2018,6,579,659,833,1141,1296,-.2,-2.6
"Lovejoy, GA","City",2018,6,728,764,882,1158,1423,-.3,
"Loveland, CO","City",2018,6,806,920,1136,1654,2002,1.1,3.6
"Loveland, OH","City",2018,6,738,860,1130,1579,1843,.9,-.2
"Lowell, MA","City",2018,6,1074,1225,1519,1909,2105,0,-1.8
"Lubbock, TX","City",2018,6,570,664,825,1199,1447,.1,-2.3
"Lynchburg, VA","City",2018,6,630,695,864,1171,1352,.4,-1
"Lynnfield, MA","City",2018,6,1444,1647,2042,2566,2829,.5,
"Lynnwood, WA","City",2018,6,1358,1555,1936,2810,3342,.8,2.9
"Mableton, GA","City",2018,6,999,1047,1210,1588,1952,-.3,6.3
"Macon, GA","City",2018,6,633,799,922,1244,1516,1.7,5.4
"Madison Heights, MI","City",2018,6,682,824,1072,1424,1544,.1,1.6
"Madison, AL","City",2018,6,615,705,849,1154,1496,1.6,.2
"Madison, WI","City",2018,6,699,834,1006,1398,1593,.3,2.4
"Magnolia, TX","City",2018,6,843,956,1170,1595,2026,.8,9
"Maitland, FL","City",2018,6,1024,1119,1341,1784,2146,1.9,7.5
"Malden, MA","City",2018,6,1263,1441,1786,2245,2475,1.2,1.5
"Malvern, PA","City",2018,6,1180,1400,1691,2115,2354,.5,
"Manassas, VA","City",2018,6,1415,1486,1717,2264,2808,-.1,2.3
"Manchester, CT","City",2018,6,969,1199,1501,1892,2121,1.9,5.6
"Manchester, NH","City",2018,6,910,1069,1358,1768,1957,.7,3.1
"Manhattan, KS","City",2018,6,528,565,749,1056,1281,-.5,-2.2
"Manheim, PA","City",2018,6,659,725,917,1187,1337,1.1,
"Mansfield, TX","City",2018,6,979,1166,1449,1965,2503,.2,-2.6
"Manteca, CA","City",2018,6,766,910,1201,1748,2115,1.1,
"Marana, AZ","City",2018,6,910,1093,1404,2043,2393,.8,4.4
"Marietta, GA","City",2018,6,1091,1144,1322,1735,2133,.1,3.7
"Marietta, PA","City",2018,6,568,677,853,1093,1175,0,0
"Marina del Rey, CA","City",2018,6,3019,3593,4617,6275,6919,0,2.4
"Marlborough, MA","City",2018,6,1111,1262,1584,1996,2219,.2,3.7
"Marlton, NJ","City",2018,6,1245,1477,1784,2232,2483,1,5.3
"Marshall, MI","City",2018,6,543,679,852,1111,1204,.2,
"Martinez, CA","City",2018,6,1980,2434,3058,4114,4892,.8,.2
"Maryland Heights, MO","City",2018,6,710,805,1045,1384,1615,.1,.9
"Marysville, WA","City",2018,6,1198,1372,1708,2480,2949,0,1.7
"Maryville, TN","City",2018,6,513,652,801,1042,1344,-.8,3
"Mason, OH","City",2018,6,905,1054,1386,1935,2259,.2,1.3
"Matawan, NJ","City",2018,6,1437,1595,1900,2450,2729,1,
"Matthews, NC","City",2018,6,911,1009,1177,1586,1992,.2,3.1
"Mauldin, SC","City",2018,6,727,828,994,1322,1564,1.5,-.2
"Maumelle, AR","City",2018,6,645,748,904,1220,1451,.2,1.9
"McAllen, TX","City",2018,6,610,614,797,997,1186,.7,-1.4
"McDonough, GA","City",2018,6,1189,1247,1440,1891,2324,-.3,1.7
"McKinney, TX","City",2018,6,951,1134,1409,1910,2433,.7,-1.9
"Mebane, NC","City",2018,6,731,805,977,1329,1459,1.3,0
"Mechanicsburg, PA","City",2018,6,733,885,1115,1442,1542,2.3,
"Mechanicsville, VA","City",2018,6,1043,1094,1262,1673,2038,1.3,3.4
"Medford, MA","City",2018,6,1486,1696,2103,2643,2913,1,2.6
"Medford, OR","City",2018,6,709,747,993,1446,1657,.3,
"Medina, OH","City",2018,6,641,754,967,1259,1341,-1.4,
"Melbourne, FL","City",2018,6,776,965,1223,1691,2082,1.1,7.7
"Melrose, MA","City",2018,6,1225,1397,1733,2178,2400,1,2.8
"Melville, NY","City",2018,6,3486,3871,4611,5946,6622,.6,.6
"Melvindale, MI","City",2018,6,564,682,887,1178,1278,0,
"Memphis, TN","City",2018,6,625,698,825,1121,1314,.2,.3
"Menifee, CA","City",2018,6,1126,1347,1685,2368,2917,.2,1.1
"Mentor, OH","City",2018,6,700,838,1044,1372,1453,.4,
"Mequon, WI","City",2018,6,774,941,1166,1469,1649,.5,
"Mercer Island, WA","City",2018,6,1752,2006,2498,3626,4312,1.6,9.1
"Meriden, CT","City",2018,6,869,1007,1235,1573,1822,-.1,.5
"Meridian, ID","City",2018,6,718,881,1131,1637,1927,.4,6.3
"Merrillville, IN","City",2018,6,832,965,1136,1452,1728,.1,3
"Mesa, AZ","City",2018,6,706,858,1069,1556,1805,.3,2.2
"Mesquite, NV","City",2018,6,565,691,856,1247,1502,-1,.2
"Mesquite, TX","City",2018,6,904,1078,1339,1815,2312,.8,3.3
"Metairie, LA","City",2018,6,674,787,953,1222,1434,.3,
"Miami Beach, FL","City",2018,6,801,991,1256,1730,2083,-1,-4.5
"Miami Gardens, FL","City",2018,6,891,1101,1397,1923,2315,.2,.8
"Miami, FL","City",2018,6,876,1083,1373,1890,2276,.6,1.8
"Miamisburg, OH","City",2018,6,614,700,917,1257,1475,.2,-3
"Middle River, MD","City",2018,6,867,1054,1322,1699,1990,.6,-.6
"Middletown, CT","City",2018,6,798,988,1237,1559,1747,.9,2
"Middletown, OH","City",2018,6,596,691,907,1261,1474,.3,.8
"Midland, MI","City",2018,6,480,573,743,1021,1166,-.5,-1.6
"Midland, TX","City",2018,6,1014,1199,1507,1888,2129,1.3,25.7
"Midvale, UT","City",2018,6,756,936,1161,1672,1921,.6,3.8
"Milford, MA","City",2018,6,986,1114,1419,1796,2018,0,
"Milpitas, CA","City",2018,6,1970,2366,2969,4060,4750,1.4,3.6
"Milwaukee, WI","City",2018,6,593,722,894,1127,1265,.3,.3
"Minneapolis, MN","City",2018,6,735,906,1143,1619,1893,0,-.1
"Minnetonka, MN","City",2018,6,942,1162,1465,2075,2426,-.3,3.1
"Mishawaka, IN","City",2018,6,567,691,870,1124,1199,1.1,6.1
"Mission Viejo, CA","City",2018,6,1723,2051,2636,3582,3950,-.7,.9
"Mission, TX","City",2018,6,603,607,789,987,1173,.5,.3
"Missoula, MT","City",2018,6,680,734,908,1322,1601,-.2,-1.5
"Missouri City, TX","City",2018,6,1017,1152,1410,1923,2443,-.6,-1.9
"Mobile, AL","City",2018,6,766,771,939,1224,1417,.7,0
"Modesto, CA","City",2018,6,995,1110,1437,2055,2485,2.4,5.4
"Monroe, LA","City",2018,6,636,641,827,1050,1140,.1,.7
"Monroe, MI","City",2018,6,531,630,837,1150,1154,-1.9,-4.2
"Monroeville, PA","City",2018,6,727,842,1054,1319,1452,1.3,2.9
"Monrovia, CA","City",2018,6,1108,1319,1695,2303,2540,-.1,4.1
"Montebello, CA","City",2018,6,1193,1419,1824,2479,2733,.5,5.5
"Monterey Park, CA","City",2018,6,1254,1493,1918,2607,2874,.2,2.3
"Monterey, CA","City",2018,6,1192,1420,1777,2586,2766,.2,5.8
"Montgomery Village, MD","City",2018,6,1518,1594,1842,2429,3012,.4,-.2
"Montgomery, AL","City",2018,6,614,713,860,1102,1490,.7,2.1
"Montgomery, TX","City",2018,6,571,647,792,1080,1373,-5.2,
"Mooresville, NC","City",2018,6,807,894,1043,1405,1765,1.6,4.4
"Moreno Valley, CA","City",2018,6,1142,1366,1709,2401,2958,.2,2.1
"Morristown, NJ","City",2018,6,1653,1835,2187,2819,3140,1,.3
"Morrisville, NC","City",2018,6,939,1132,1320,1756,2055,.4,-.2
"Morrow, GA","City",2018,6,803,842,973,1277,1570,.2,2.6
"Mount Clemens, MI","City",2018,6,444,537,699,928,1007,-.4,
"Mount Dora, FL","City",2018,6,779,851,1019,1356,1631,.9,4.9
"Mount Pleasant, SC","City",2018,6,1170,1341,1597,2116,2733,1,.3
"Mountain View, CA","City",2018,6,1819,2138,2680,3720,4289,1.4,2.6
"Mountlake Terrace, WA","City",2018,6,1306,1495,1862,2702,3214,.4,4.5
"Mukilteo, WA","City",2018,6,1496,1713,2133,3096,3683,0,1.5
"Muncie, IN","City",2018,6,504,546,718,936,1138,-.1,-3.4
"Mundelein, IL","City",2018,6,989,1148,1350,1727,2055,-.3,1.4
"Murfreesboro, TN","City",2018,6,792,882,1083,1443,1697,-.1,3.5
"Murrieta, CA","City",2018,6,1165,1394,1744,2450,3018,.1,2
"Muskegon, MI","City",2018,6,516,559,742,1020,1024,.4,1.8
"Myrtle Beach, SC","City",2018,6,932,970,1128,1485,1691,4.6,
"Nampa, ID","City",2018,6,559,687,881,1275,1501,.3,3.2
"Napa, CA","City",2018,6,1119,1349,1742,2536,2922,.1,7.5
"Naperville, IL","City",2018,6,1279,1484,1746,2233,2657,.7,0
"Naples, FL","City",2018,6,1004,1208,1484,1990,2454,1,3.6
"Nashua, NH","City",2018,6,925,1105,1421,1884,2090,.3,.9
"Nashville, TN","City",2018,6,826,920,1130,1506,1770,.7,.5
"National City, CA","City",2018,6,1062,1176,1525,2196,2688,.3,5.6
"Needham, MA","City",2018,6,1232,1405,1743,2190,2414,1,-9.6
"Nesconset, NY","City",2018,6,1521,1689,2012,2595,2890,.6,1.5
"New Baltimore, MI","City",2018,6,694,839,1092,1451,1574,.2,1.2
"New Bern, NC","City",2018,6,572,576,760,1072,1231,2.3,-.3
"New Braunfels, TX","City",2018,6,776,949,1183,1582,1901,-.7,-1.4
"New Britain, CT","City",2018,6,716,886,1110,1399,1568,.1,1.7
"New Castle, DE","City",2018,6,890,1056,1275,1596,1776,.5,
"New Haven, CT","City",2018,6,950,1085,1324,1691,1973,0,-1.3
"New Holland, PA","City",2018,6,518,618,779,998,1073,,
"New Orleans, LA","City",2018,6,685,799,968,1241,1457,.1,-.4
"New Port Richey, FL","City",2018,6,724,826,1029,1360,1632,-.1,3.5
"New Rochelle, NY","City",2018,6,1343,1492,1777,2291,2552,-1,-2.6
"New Smyrna Beach, FL","City",2018,6,958,1154,1440,1940,2178,-1.5,2.4
"New York, NY","City",2018,6,1905,2115,2520,3249,3619,1.2,1.7
"Newark, CA","City",2018,6,2364,2905,3650,4911,5839,1,.3
"Newark, DE","City",2018,6,910,1080,1304,1632,1816,2.8,-1
"Newark, NJ","City",2018,6,1091,1211,1443,1861,2072,1.1,3.2
"Newark, OH","City",2018,6,511,604,779,1002,1166,.1,
"Newington, CT","City",2018,6,917,1135,1421,1792,2008,0,1.7
"Newnan, GA","City",2018,6,969,1016,1174,1541,1894,.9,-1.8
"Newport Beach, CA","City",2018,6,2417,2877,3697,5024,5540,1.3,4.7
"Newport News, VA","City",2018,6,831,835,1005,1403,1750,-.3,1.1
"Newport, KY","City",2018,6,548,638,839,1171,1367,.2,-1.4
"Newton, MA","City",2018,6,1647,1879,2330,2928,3227,2.4,3.8
"Niles, MI","City",2018,6,496,597,771,988,1105,-.3,0
"Noblesville, IN","City",2018,6,709,823,1019,1365,1557,1.2,5.6
"Norcross, GA","City",2018,6,1073,1126,1301,1707,2098,.4,9.7
"Norfolk, VA","City",2018,6,785,789,950,1326,1654,.1,-.5
"Normal, IL","City",2018,6,586,645,851,1151,1459,-.1,
"Norman, OK","City",2018,6,570,631,807,1105,1349,.1,-.6
"Norristown, PA","City",2018,6,965,1146,1383,1731,1926,.7,1.8
"North Augusta, SC","City",2018,6,526,578,697,948,1227,2.8,
"North Aurora, IL","City",2018,6,881,1022,1203,1538,1830,-.9,-2.5
"North Charleston, SC","City",2018,6,790,905,1078,1428,1845,.5,4.3
"North Chicago, IL","City",2018,6,716,831,978,1250,1488,.1,1.2
"North East, MD","City",2018,6,875,1039,1255,1570,1747,1.5,2.8
"North Haven, CT","City",2018,6,1064,1214,1482,1893,2209,2.2,7
"North Highlands, CA","City",2018,6,968,1091,1383,2009,2437,1.1,5.8
"North Las Vegas, NV","City",2018,6,755,924,1145,1666,2007,.3,3.9
"North Little Rock, AR","City",2018,6,579,671,811,1094,1301,-.1,2.6
"North Miami Beach, FL","City",2018,6,1127,1394,1767,2433,2930,1.1,4.4
"North Olmsted, OH","City",2018,6,664,794,990,1301,1378,2.3,3.9
"North Port, FL","City",2018,6,835,897,1153,1582,1923,.2,-.3
"North Richland Hills, TX","City",2018,6,903,1076,1337,1813,2310,.9,2.8
"North Salt Lake, UT","City",2018,6,718,863,1106,1579,1852,.8,3.2
"Northville, MI","City",2018,6,1070,1204,1504,2033,2391,1.1,-.7
"Norwalk, CA","City",2018,6,1274,1517,1949,2649,2920,-.3,1.9
"Norwalk, CT","City",2018,6,1111,1359,1716,2169,2600,-1,-.5
"Norwich, CT","City",2018,6,760,844,1094,1455,1666,1.6,2.6
"Norwood, MA","City",2018,6,1442,1645,2039,2563,2825,.3,4.4
"Novato, CA","City",2018,6,2210,2716,3412,4590,5459,-.2,1.1
"Novi, MI","City",2018,6,827,1000,1301,1728,1875,1.2,1.5
"Oak Creek, WI","City",2018,6,727,884,1096,1381,1550,.4,
"Oak Park, CA","City",2018,6,1932,2291,3045,4337,5183,2.1,4.5
"Oak Park, IL","City",2018,6,799,927,1091,1395,1660,-.2,-3.2
"Oak Park, MI","City",2018,6,795,961,1250,1661,1802,0,-.2
"Oakland, CA","City",2018,6,1427,1754,2203,2964,3525,-.9,2.5
"Oakton, VA","City",2018,6,1826,1918,2216,2923,3624,-.5,4.3
"Oakwood, GA","City",2018,6,811,859,1029,1318,1427,.1,-.5
"Ocala, FL","City",2018,6,749,799,971,1306,1408,-.3,3.2
"Oceanside, CA","City",2018,6,1599,1771,2297,3308,4049,.6,1.1
"Ocoee, FL","City",2018,6,1076,1176,1409,1874,2255,1.4,-1
"Oconomowoc, WI","City",2018,6,684,832,1031,1299,1458,-.4,.6
"Odenton, MD","City",2018,6,1464,1779,2231,2869,3360,.1,.5
"Odessa, TX","City",2018,6,982,1248,1542,1929,2470,1.4,42
"Ogden, UT","City",2018,6,582,699,896,1279,1500,.1,3.2
"Okemos, MI","City",2018,6,677,839,1038,1389,1622,1.2,6.8
"Oklahoma City, OK","City",2018,6,569,630,806,1103,1347,.4,-.2
"Olathe, KS","City",2018,6,741,938,1150,1571,1778,.4,1.3
"Oldsmar, FL","City",2018,6,924,1055,1313,1737,2083,.3,.6
"Olympia, WA","City",2018,6,898,992,1226,1784,2160,.7,2
"Omaha, NE","City",2018,6,598,753,941,1267,1389,.1,-.9
"Ontario, CA","City",2018,6,996,1192,1491,2095,2580,.2,2.3
"Orange, CA","City",2018,6,1499,1784,2292,3115,3434,.4,1.8
"Orangevale, CA","City",2018,6,1133,1276,1618,2351,2852,-.4,5.5
"Orland Park, IL","City",2018,6,952,1105,1300,1663,1979,-.8,
"Orlando, FL","City",2018,6,972,1062,1272,1693,2037,.4,6.2
"Ormond Beach, FL","City",2018,6,766,923,1151,1551,1741,0,2.9
"Ortonville, MI","City",2018,6,574,688,903,1195,1296,0,
"Ossining, NY","City",2018,6,1615,1793,2136,2754,3067,3.7,.3
"Oswego, IL","City",2018,6,1519,1763,2074,2653,3157,2.3,6.3
"Overland Park, KS","City",2018,6,765,968,1187,1622,1836,.9,5.1
"Oviedo, FL","City",2018,6,1185,1295,1551,2064,2483,.9,4.4
"Owasso, OK","City",2018,6,675,800,1033,1393,1532,0,4.9
"Owings Mills, MD","City",2018,6,994,1208,1515,1947,2281,.2,1.4
"Oxnard, CA","City",2018,6,1030,1221,1623,2312,2763,-.1,.8
"Oxon Hill, MD","City",2018,6,1081,1135,1311,1729,2144,.6,
"Ozark, MO","City",2018,6,522,564,734,1064,1157,.3,
"Pacifica, CA","City",2018,6,2446,3006,3777,5081,6042,1.3,5.5
"Painesville, OH","City",2018,6,581,694,865,1137,1205,2.3,
"Palatine, IL","City",2018,6,992,1151,1354,1731,2060,.9,2.8
"Palm Bay, FL","City",2018,6,662,822,1043,1442,1775,.4,1.1
"Palm Beach Gardens, FL","City",2018,6,1136,1405,1781,2452,2953,.4,.6
"Palm Coast, FL","City",2018,6,810,975,1217,1639,1840,-1.3,.7
"Palm Desert, CA","City",2018,6,810,969,1212,1703,2098,.6,1.9
"Palm Harbor, FL","City",2018,6,934,1066,1327,1755,2105,.2,1.1
"Palm Springs, CA","City",2018,6,768,919,1149,1615,1990,-.3,1.3
"Palmdale, CA","City",2018,6,1320,1571,2018,2743,3024,.5,2.4
"Palo Alto, CA","City",2018,6,2128,2522,3162,4364,5060,.2,.9
"Panama City Beach, FL","City",2018,6,1087,1244,1455,2076,2479,3.1,10.8
"Panama City, FL","City",2018,6,652,765,893,1269,1507,-1.3,-1.9
"Paramount, CA","City",2018,6,1208,1438,1848,2512,2770,.2,2.8
"Park Forest, IL","City",2018,6,842,977,1149,1469,1749,0,.1
"Parker, CO","City",2018,6,1192,1456,1843,2677,3101,-.7,-1.5
"Parkville, MD","City",2018,6,898,1090,1368,1758,2060,-.1,3.9
"Pasadena, CA","City",2018,6,1358,1616,2077,2823,3113,.5,2.2
"Pasadena, MD","City",2018,6,1319,1602,2010,2584,3026,-1.2,1.6
"Pasadena, TX","City",2018,6,696,789,966,1316,1673,-.1,2.3
"Pascagoula, MS","City",2018,6,586,614,709,995,1189,0,6.6
"Pasco, WA","City",2018,6,634,771,954,1303,1681,-.4,
"Peabody, MA","City",2018,6,1345,1535,1903,2392,2636,2.2,8.8
"Peachtree City, GA","City",2018,6,1090,1144,1321,1734,2131,2.4,-5.2
"Pearland, TX","City",2018,6,983,1115,1364,1860,2363,.1,3.1
"Pembroke Pines, FL","City",2018,6,1536,1899,2408,3315,3992,.2,1
"Pensacola, FL","City",2018,6,825,834,999,1384,1760,-1.3,.4
"Peoria, AZ","City",2018,6,917,1113,1387,2019,2342,.5,3.4
"Peoria, IL","City",2018,6,540,621,797,1010,1157,-.2,-.5
"Perris, CA","City",2018,6,740,885,1107,1555,1915,-.1,.3
"Perry Hall, MD","City",2018,6,1062,1290,1619,2081,2437,.1,2
"Perrysburg, OH","City",2018,6,662,796,1041,1426,1559,.6,2.8
"Petaluma, CA","City",2018,6,1781,2111,2703,3819,4593,-.7,5.1
"Petersburg, VA","City",2018,6,736,771,890,1180,1437,-.4,-2
"Pflugerville, TX","City",2018,6,1047,1268,1566,2121,2552,1.1,1.7
"Phenix City, AL","City",2018,6,530,574,714,982,1224,-.5,-.6
"Philadelphia, PA","City",2018,6,819,972,1173,1468,1633,.3,1.2
"Phoenix, AZ","City",2018,6,688,836,1042,1516,1759,.3,2.3
"Pinellas Park, FL","City",2018,6,891,1018,1267,1675,2009,1.3,4.8
"Pineville, NC","City",2018,6,852,943,1100,1482,1862,.3,-1.1
"Pittsburg, CA","City",2018,6,1968,2418,3038,4088,4861,.2,3.8
"Pittsburgh, PA","City",2018,6,635,736,921,1153,1269,.6,-.9
"Placentia, CA","City",2018,6,1493,1777,2283,3103,3421,.6,3.2
"Plainfield, IN","City",2018,6,675,783,970,1300,1482,-.1,4.4
"Plano, TX","City",2018,6,961,1146,1424,1930,2459,.4,.9
"Plant City, FL","City",2018,6,738,843,1049,1387,1664,0,2.6
"Pleasant Grove, UT","City",2018,6,764,880,1033,1504,1819,-.6,-1.5
"Pleasant Hill, CA","City",2018,6,2178,2677,3363,4525,5381,.7,-.1
"Pleasanton, CA","City",2018,6,2403,2953,3710,4992,5936,.5,-1
"Pleasanton, TX","City",2018,6,552,680,855,1131,1358,1.2,
"Pleasantville, NJ","City",2018,6,1011,1123,1451,1955,2227,-.2,.8
"Plymouth, MA","City",2018,6,1137,1278,1634,2052,2259,-1.4,
"Plymouth, MI","City",2018,6,699,787,983,1329,1563,.6,-.2
"Pomona, CA","City",2018,6,963,1147,1467,2006,2258,.2,-.6
"Pompano Beach, FL","City",2018,6,937,1159,1469,2023,2436,.4,1.8
"Pontiac, MI","City",2018,6,599,724,942,1251,1357,-.2,.9
"Pooler, GA","City",2018,6,1035,1175,1356,1849,2160,0,1.4
"Port Chester, NY","City",2018,6,1452,1613,1921,2477,2759,1.7,5.2
"Port Huron, MI","City",2018,6,536,648,844,1121,1216,.5,1.2
"Port Orange, FL","City",2018,6,803,967,1207,1626,1825,.2,1.4
"Port Orchard, WA","City",2018,6,776,935,1203,1723,2022,-1.8,.1
"Port Royal, SC","City",2018,6,824,882,1018,1333,1734,-.5,-1
"Port St. Lucie, FL","City",2018,6,1251,1298,1615,2255,2776,.9,5.5
"Port Washington, WI","City",2018,6,579,704,873,1100,1234,0,
"Portage, MI","City",2018,6,583,714,888,1209,1385,1.4,5.9
"Portland, ME","City",2018,6,812,916,1154,1553,1694,.4,1.1
"Portland, MI","City",2018,6,572,709,876,1173,1370,.1,
"Portland, OR","City",2018,6,1007,1120,1321,1923,2328,-.3,-3.1
"Portsmouth, VA","City",2018,6,767,771,928,1296,1617,.6,-.6
"Post Falls, ID","City",2018,6,580,632,839,1189,1479,.1,.1
"Pottstown, PA","City",2018,6,683,811,1014,1269,1406,1.5,3.1
"Poway, CA","City",2018,6,1577,1746,2265,3261,3991,.6,4.8
"Prattville, AL","City",2018,6,632,734,884,1134,1533,.3,-.9
"Prosper, TX","City",2018,6,1169,1393,1731,2347,2989,2.9,
"Providence, RI","City",2018,6,885,993,1206,1531,1800,-.3,-3.1
"Provo, UT","City",2018,6,549,632,742,1080,1307,-.3,-.6
"Pueblo, CO","City",2018,6,592,602,799,1145,1307,1.1,
"Puyallup, WA","City",2018,6,1332,1525,1900,2757,3279,.1,9
"Queen Creek, AZ","City",2018,6,1046,1270,1583,2303,2672,1.6,5.8
"Quincy, MA","City",2018,6,1316,1502,1862,2340,2579,.6,.8
"Racine, WI","City",2018,6,693,760,988,1325,1387,0,
"Radcliff, KY","City",2018,6,481,517,688,1001,1212,-.1,-.4
"Rahway, NJ","City",2018,6,1164,1292,1539,1985,2210,0,1
"Raleigh, NC","City",2018,6,790,974,1125,1470,1798,.6,.3
"Rancho Cordova, CA","City",2018,6,927,1045,1325,1925,2335,-.2,.9
"Rancho Cucamonga, CA","City",2018,6,1173,1403,1755,2465,3037,.9,4.8
"Rancho Palos Verdes, CA","City",2018,6,2904,3456,4441,6036,6655,.2,3.2
"Rancho Santa Margarita, CA","City",2018,6,1665,1982,2547,3461,3816,1.2,1.3
"Randolph, MA","City",2018,6,1440,1643,2037,2560,2821,1.1,4.6
"Rapid City, SD","City",2018,6,572,634,829,1168,1360,-.2,.8
"Redding, CA","City",2018,6,752,787,1021,1487,1799,.2,.5
"Redlands, CA","City",2018,6,759,908,1135,1596,1965,1.1,5
"Redmond, WA","City",2018,6,1603,1835,2286,3318,3946,1,-1.6
"Redondo Beach, CA","City",2018,6,1668,1985,2551,3467,3822,.2,1.5
"Redwood City, CA","City",2018,6,2218,2725,3424,4607,5478,1,.2
"Reisterstown, MD","City",2018,6,917,1114,1397,1797,2104,.7,-.8
"Reno, NV","City",2018,6,725,879,1144,1664,2015,.1,2
"Renton, WA","City",2018,6,1442,1650,2055,2983,3548,.7,2
"Reston, VA","City",2018,6,1571,1650,1906,2514,3118,.3,-.7
"Revere, MA","City",2018,6,1267,1446,1793,2253,2484,-.4,0
"Reynoldsburg, OH","City",2018,6,663,783,1009,1299,1511,-.1,2
"Richardson, TX","City",2018,6,881,1049,1304,1768,2252,.3,-2.7
"Richland, WA","City",2018,6,658,802,992,1354,1747,-.3,-10.1
"Richmond, CA","City",2018,6,1744,2143,2692,3622,4307,-.5,3.7
"Richmond, TX","City",2018,6,888,1007,1232,1680,2135,0,3.9
"Richmond, VA","City",2018,6,857,898,1036,1374,1674,.5,3.2
"Richton Park, IL","City",2018,6,893,1037,1220,1560,1856,.6,5.9
"Ridgecrest, CA","City",2018,6,621,700,889,1265,1543,1.1,3.6
"Ridgeland, MS","City",2018,6,757,896,1083,1370,1583,.1,5.4
"Ridley Park, PA","City",2018,6,662,785,948,1186,1320,.2,
"Rio Rancho, NM","City",2018,6,690,887,1088,1584,1917,-.2,-.1
"Riverdale, GA","City",2018,6,945,991,1145,1503,1848,-.3,2.3
"Riverside, CA","City",2018,6,880,1052,1316,1849,2278,.3,2.9
"Riverview, FL","City",2018,6,917,1047,1303,1723,2067,.7,2.2
"Riverview, MI","City",2018,6,536,648,843,1120,1214,.2,3.9
"Roanoke, VA","City",2018,6,556,667,851,1163,1317,.5,-.1
"Rochester, MI","City",2018,6,810,979,1274,1693,1836,-.2,-1.5
"Rochester, MN","City",2018,6,689,816,1060,1416,1716,1.8,.6
"Rochester, NY","City",2018,6,649,767,950,1190,1310,.5,3.2
"Rock Hill, SC","City",2018,6,751,832,970,1308,1642,.1,-1.3
"Rockford, IL","City",2018,6,549,616,819,1086,1214,.3,.8
"Rocklin, CA","City",2018,6,1196,1347,1708,2481,3009,1,4.1
"Rockport, TX","City",2018,6,769,805,1006,1341,1540,.2,
"Rockville, MD","City",2018,6,1629,1711,1976,2606,3232,-.1,-.9
"Rockwall, TX","City",2018,6,1218,1451,1804,2445,3115,7.4,
"Rocky Mount, NC","City",2018,6,630,634,800,1097,1227,0,3
"Rogers, AR","City",2018,6,610,648,836,1200,1461,.5,-1.5
"Rohnert Park, CA","City",2018,6,1346,1559,2021,2942,3561,.8,9.5
"Rolling Meadows, IL","City",2018,6,1091,1266,1489,1905,2267,1.1,3.2
"Romeoville, IL","City",2018,6,1368,1587,1867,2388,2842,1.3,4.2
"Romulus, MI","City",2018,6,536,648,843,1120,1215,1,
"Rosedale, MD","City",2018,6,854,1037,1301,1673,1959,-.5,2.5
"Roselle, IL","City",2018,6,1072,1244,1464,1872,2228,0,1
"Rosemount, MN","City",2018,6,1021,1258,1587,2248,2628,-.8,-.7
"Rosenberg, TX","City",2018,6,748,848,1038,1415,1798,.8,-1.2
"Roseville, CA","City",2018,6,1153,1299,1647,2393,2903,1.2,1.9
"Roseville, MI","City",2018,6,621,751,977,1298,1408,.6,2.2
"Roswell, GA","City",2018,6,1178,1236,1427,1874,2303,1.6,4.8
"Round Lake, IL","City",2018,6,973,1130,1329,1700,2023,-.4,.7
"Round Rock, TX","City",2018,6,1016,1232,1520,2060,2478,.2,-.6
"Rowland Heights, CA","City",2018,6,1400,1666,2140,2909,3208,-.3,.3
"Rowlett, TX","City",2018,6,1307,1558,1936,2625,3344,1,6.5
"Roy, UT","City",2018,6,728,875,1121,1600,1877,-1.1,
"Royal Oak, MI","City",2018,6,689,833,1084,1440,1562,.1,.8
"Sachse, TX","City",2018,6,958,1142,1419,1924,2450,2.1,-.4
"Sacramento, CA","City",2018,6,844,951,1206,1752,2125,.5,3.5
"Saginaw, MI","City",2018,6,491,607,773,1020,1065,-.5,1
"Salem, MA","City",2018,6,1267,1446,1793,2253,2483,2,5.8
"Salem, OR","City",2018,6,723,811,1066,1551,1878,-.8,.2
"Salem, VA","City",2018,6,553,664,846,1157,1311,-2.8,-6.9
"Salinas, CA","City",2018,6,1417,1689,2113,3075,3290,.7,4.2
"Salisbury, MD","City",2018,6,702,785,1034,1413,1703,.6,2.5
"Salisbury, NC","City",2018,6,616,675,792,1072,1329,2,5.3
"Salt Lake City, UT","City",2018,6,696,861,1069,1539,1768,.5,4.1
"Sammamish, WA","City",2018,6,2349,2689,3349,4861,5781,.4,1.6
"San Angelo, TX","City",2018,6,590,724,930,1315,1469,.9,1.9
"San Antonio, TX","City",2018,6,681,839,1055,1396,1675,.4,.8
"San Bernardino, CA","City",2018,6,709,848,1060,1490,1835,.7,3.3
"San Bruno, CA","City",2018,6,2399,2949,3705,4984,5927,2,5.2
"San Clemente, CA","City",2018,6,2008,2331,3004,4166,4771,.8,1.8
"San Diego, CA","City",2018,6,1403,1554,2016,2903,3552,0,1
"San Dimas, CA","City",2018,6,1547,1842,2366,3216,3546,.7,3.6
"San Francisco, CA","City",2018,6,1986,2440,3066,4125,4905,0,1
"San Gabriel, CA","City",2018,6,1280,1523,1957,2660,2933,-.1,2
"San Jose, CA","City",2018,6,1772,2082,2610,3623,4176,.5,1.7
"San Leandro, CA","City",2018,6,1778,2185,2745,3693,4392,0,.3
"San Marcos, CA","City",2018,6,1394,1544,2002,2883,3529,.3,3.2
"San Marcos, TX","City",2018,6,780,952,1185,1589,1910,.3,3.4
"San Mateo, CA","City",2018,6,2857,3511,4411,5934,7056,1,1.2
"San Rafael, CA","City",2018,6,2179,2678,3365,4527,5383,.9,4.8
"San Ramon, CA","City",2018,6,2412,2964,3724,5010,5957,.5,1.2
"Sandy, UT","City",2018,6,904,1119,1388,1999,2296,0,2.6
"Sanford, FL","City",2018,6,870,950,1139,1515,1822,.5,2.1
"Santa Ana, CA","City",2018,6,1206,1435,1844,2506,2763,-.4,.8
"Santa Clara, CA","City",2018,6,1876,2205,2764,3837,4423,.9,4.8
"Santa Clarita, CA","City",2018,6,1679,1998,2568,3490,3848,.2,4.1
"Santa Cruz, CA","City",2018,6,1558,1847,2455,3257,3657,.3,4.5
"Santa Fe, NM","City",2018,6,868,945,1128,1500,1591,1.3,6.4
"Santa Maria, CA","City",2018,6,1181,1372,1658,2313,2723,1.3,3.9
"Santa Monica, CA","City",2018,6,1399,1665,2139,2908,3206,.9,.6
"Santa Rosa, CA","City",2018,6,1321,1531,1984,2889,3497,.5,4.4
"Santee, CA","City",2018,6,1712,1896,2460,3542,4334,1.7,8.2
"Sapulpa, OK","City",2018,6,533,631,815,1099,1209,.1,2
"Sarasota, FL","City",2018,6,1006,1082,1390,1906,2317,0,1.1
"Saugus, MA","City",2018,6,1443,1646,2041,2565,2827,.9,5.3
"Savannah, GA","City",2018,6,790,896,1035,1411,1649,.8,2.5
"Schaumburg, IL","City",2018,6,1177,1366,1607,2056,2446,1,1.4
"Schenectady, NY","City",2018,6,710,841,1036,1296,1427,1.1,4.1
"Schertz, TX","City",2018,6,946,1165,1464,1937,2326,.6,6.1
"Scottsdale, AZ","City",2018,6,850,1032,1286,1872,2171,.2,2.1
"Seabrook, TX","City",2018,6,734,832,1018,1388,1764,.5,6.2
"Seal Beach, CA","City",2018,6,1539,1832,2354,3199,3528,1.3,3.5
"Seattle, WA","City",2018,6,1156,1323,1648,2391,2844,.1,-2
"Seminole, FL","City",2018,6,936,1069,1331,1760,2111,-.7,-.2
"Severn, MD","City",2018,6,1063,1291,1619,2082,2438,.4,-2.4
"Shakopee, MN","City",2018,6,916,1130,1425,2018,2359,1.1,5.2
"Sharon, MA","City",2018,6,1768,2017,2501,3143,3464,-.4,
"Shawnee, KS","City",2018,6,653,826,1013,1385,1567,.5,2.3
"Shelton, CT","City",2018,6,910,1113,1405,1776,2129,-1.6,-4.7
"Sherman, TX","City",2018,6,600,738,939,1282,1438,.1,6.2
"Shreveport, LA","City",2018,6,594,725,845,1076,1197,1,-1.2
"Sierra Vista, AZ","City",2018,6,665,669,836,1187,1473,-.1,.5
"Silver Spring, MD","City",2018,6,1439,1511,1745,2302,2855,-.3,1.8
"Simi Valley, CA","City",2018,6,1680,1994,2635,3722,4390,1.1,4.5
"Simpsonville, SC","City",2018,6,851,969,1163,1547,1830,-.2,2
"Sioux Falls, SD","City",2018,6,516,622,770,1042,1230,0,.5
"Slidell, LA","City",2018,6,822,959,1161,1489,1747,.1,.6
"Smyrna, GA","City",2018,6,1058,1110,1282,1683,2069,.4,4.9
"Smyrna, TN","City",2018,6,834,928,1140,1520,1787,1.2,4.4
"Snellville, GA","City",2018,6,1211,1270,1468,1926,2368,-.6,4.6
"Snoqualmie, WA","City",2018,6,1592,1822,2270,3294,3918,-.5,4.6
"Solana Beach, CA","City",2018,6,2054,2275,2951,4249,5200,.5,7.9
"Somerville, MA","City",2018,6,1479,1688,2093,2630,2899,.3,-.1
"South Bend, IN","City",2018,6,598,729,917,1185,1264,2.5,9.6
"South Gate, CA","City",2018,6,911,1084,1393,1893,2088,0,2.3
"South Haven, MI","City",2018,6,546,669,831,1132,1297,.2,
"South Houston, TX","City",2018,6,696,789,965,1316,1672,.1,2.3
"South Jordan, UT","City",2018,6,1155,1429,1773,2554,2934,-.3,4.1
"South Lyon, MI","City",2018,6,800,901,1125,1521,1789,,
"South Portland, ME","City",2018,6,906,1022,1289,1734,1891,1,6.7
"South San Francisco, CA","City",2018,6,2249,2764,3473,4673,5556,.6,2
"South St. Paul, MN","City",2018,6,681,840,1059,1500,1754,0,1.5
"Southaven, MS","City",2018,6,776,867,1025,1393,1633,.8,1.4
"Southfield, MI","City",2018,6,743,897,1168,1551,1683,.1,1
"Southgate, MI","City",2018,6,649,784,1021,1356,1471,.7,4
"Spanaway, WA","City",2018,6,1196,1369,1704,2474,2942,.6,4.2
"Sparks, NV","City",2018,6,937,1135,1478,2151,2604,1,6.6
"Spartanburg, SC","City",2018,6,524,664,810,1085,1228,-.5,.7
"Spokane, WA","City",2018,6,561,659,873,1255,1413,-.6,.7
"Spring Hill, TN","City",2018,6,1012,1127,1384,1844,2168,.7,.3
"Spring Valley, CA","City",2018,6,1289,1428,1852,2667,3264,-.3,-.1
"Spring, TX","City",2018,6,977,1108,1356,1848,2349,0,3.2
"Springdale, AR","City",2018,6,667,708,914,1312,1597,-1.4,
"Springfield, IL","City",2018,6,488,558,723,945,997,.1,1.9
"Springfield, MO","City",2018,6,485,525,683,989,1076,.4,-2
"Springfield, OH","City",2018,6,497,545,706,910,1016,.5,1.6
"Springfield, OR","City",2018,6,614,728,968,1403,1690,.3,3.7
"St. Ann, MO","City",2018,6,514,583,757,1003,1170,-.1,
"St. Charles, IL","City",2018,6,1183,1373,1615,2066,2458,1.1,1.1
"St. Charles, MO","City",2018,6,722,818,1062,1407,1642,1,-1.5
"St. Clair Shores, MI","City",2018,6,628,759,988,1312,1423,.4,
"St. Cloud, FL","City",2018,6,769,840,1007,1339,1611,.9,
"St. Cloud, MN","City",2018,6,544,669,830,1145,1451,-.2,1.7
"St. George, UT","City",2018,6,597,680,847,1220,1492,-3.3,
"St. Joseph, MI","City",2018,6,540,640,851,1080,1272,1.7,
"St. Joseph, MO","City",2018,6,567,622,810,1026,1268,.3,-2.1
"St. Louis, MO","City",2018,6,632,717,931,1233,1439,.1,-.4
"St. Paul, MN","City",2018,6,788,972,1226,1736,2029,.4,2.6
"St. Peters, MO","City",2018,6,769,872,1132,1499,1750,.2,2.3
"St. Petersburg, FL","City",2018,6,829,946,1178,1557,1868,.7,3.5
"Stafford, TX","City",2018,6,886,1004,1229,1675,2129,-.7,3.8
"Stamford, CT","City",2018,6,1238,1514,1911,2416,2896,.8,1.5
"Stanton, CA","City",2018,6,1242,1478,1899,2581,2846,.8,-.8
"Sterling Heights, MI","City",2018,6,683,825,1074,1427,1548,.7,2.8
"Stevenson Ranch, CA","City",2018,6,2384,2838,3647,4956,5465,.4,5.6
"Stockbridge, GA","City",2018,6,1122,1177,1359,1785,2193,2.2,12
"Stockton, CA","City",2018,6,803,958,1257,1815,2191,.4,7.9
"Stone Mountain, GA","City",2018,6,925,970,1121,1471,1808,1,2.1
"Stratford, CT","City",2018,6,958,1171,1479,1870,2241,1.4,2.9
"Streetsboro, OH","City",2018,6,760,876,1164,1496,1604,4.1,
"Strongsville, OH","City",2018,6,679,812,1011,1329,1408,3,
"Suffolk, VA","City",2018,6,917,922,1110,1549,1933,.6,2.7
"Sugar Land, TX","City",2018,6,1135,1286,1574,2146,2727,.2,1.4
"Suisun City, CA","City",2018,6,1221,1523,1904,2771,3356,-.1,.3
"Suitland, MD","City",2018,6,1254,1317,1522,2007,2489,.2,3.3
"Summerville, SC","City",2018,6,836,959,1141,1512,1953,.3,2
"Sumter, SC","City",2018,6,594,598,738,972,1090,-.3,-1.7
"Sun City, AZ","City",2018,6,697,846,1054,1534,1780,-2.5,-2.5
"Sun Prairie, WI","City",2018,6,717,855,1032,1433,1633,.1,
"Sunbury, OH","City",2018,6,772,913,1177,1514,1762,.3,
"Sunnyvale, CA","City",2018,6,1975,2321,2909,4039,4655,.8,4.4
"Surprise, AZ","City",2018,6,880,1069,1332,1939,2249,-.8,.2
"Suwanee, GA","City",2018,6,1588,1665,1923,2525,3103,1.9,3.4
"Swartz Creek, MI","City",2018,6,574,680,904,1191,1291,-.4,2.5
"Syracuse, NY","City",2018,6,590,659,832,1091,1192,.3,1.4
"Tacoma, WA","City",2018,6,1081,1238,1542,2238,2662,-.1,2
"Tallahassee, FL","City",2018,6,763,804,995,1319,1512,.5,1.3
"Tampa, FL","City",2018,6,881,1005,1251,1655,1985,.7,4.6
"Tarpon Springs, FL","City",2018,6,776,887,1104,1459,1751,-.7,.7
"Taunton, MA","City",2018,6,815,914,1110,1409,1656,0,
"Taylor, MI","City",2018,6,565,683,888,1180,1280,.5,-.7
"Taylor, TX","City",2018,6,724,877,1083,1468,1766,1.4,
"Taylors, SC","City",2018,6,694,791,949,1262,1493,.1,-2.1
"Temecula, CA","City",2018,6,1233,1444,1824,2580,3173,-.2,3.7
"Tempe, AZ","City",2018,6,760,923,1150,1674,1942,.5,2.4
"Temple Hills, MD","City",2018,6,1215,1277,1475,1945,2412,-.2,5.8
"Temple, TX","City",2018,6,588,601,795,1123,1393,-.1,3.4
"Terre Haute, IN","City",2018,6,458,568,722,931,995,-.4,-7.8
"Terrell, TX","City",2018,6,660,787,977,1325,1688,1.5,
"Texarkana, AR","City",2018,6,496,564,711,907,1000,.2,
"Texarkana, TX","City",2018,6,535,608,766,977,1077,1.1,1.2
"Texas City, TX","City",2018,6,762,864,1057,1441,1831,-.7,-.3
"The Colony, TX","City",2018,6,977,1165,1447,1962,2499,.3,-.5
"Thornton, CO","City",2018,6,1198,1464,1853,2692,3118,1.2,2.1
"Thousand Oaks, CA","City",2018,6,1714,2035,2686,3789,4459,1,1.5
"Titusville, FL","City",2018,6,638,793,1006,1390,1712,2.6,8.1
"Toledo, OH","City",2018,6,493,592,774,1061,1159,.5,2.1
"Tolleson, AZ","City",2018,6,848,1031,1284,1869,2168,-.2,3.9
"Tomball, TX","City",2018,6,857,971,1188,1620,2059,-.2,4
"Topeka, KS","City",2018,6,489,585,771,1043,1262,.3,-.3
"Torrance, CA","City",2018,6,1335,1590,2042,2776,3061,.1,3.1
"Towson, MD","City",2018,6,956,1161,1457,1873,2194,-.3,-4.2
"Tracy, CA","City",2018,6,1338,1609,2080,2935,3528,-.9,
"Trenton, MI","City",2018,6,563,681,886,1176,1276,.3,
"Trenton, NJ","City",2018,6,913,1068,1310,1711,1968,-.7,-1.4
"Troy, MI","City",2018,6,828,1000,1302,1729,1876,-.1,.5
"Troy, NY","City",2018,6,673,798,982,1228,1353,.3,
"Troy, OH","City",2018,6,504,562,734,986,1163,.1,1.4
"Tualatin, OR","City",2018,6,1404,1562,1842,2682,3246,-1.1,.8
"Tucker, GA","City",2018,6,1090,1143,1320,1733,2130,1,9.1
"Tucson, AZ","City",2018,6,587,697,926,1347,1594,.1,1.7
"Tulsa, OK","City",2018,6,539,639,825,1112,1223,.1,.1
"Tuscaloosa, AL","City",2018,6,641,724,884,1141,1219,-.8,2.5
"Tustin, CA","City",2018,6,1608,1914,2459,3342,3685,.7,1.8
"Twentynine Palms, CA","City",2018,6,551,659,824,1158,1426,.2,4.5
"Tyler, TX","City",2018,6,634,704,863,1141,1246,.2,1.7
"Union City, CA","City",2018,6,2258,2775,3487,4691,5578,1.2,2.9
"Union City, GA","City",2018,6,831,872,1007,1322,1625,.4,9
"Union City, NJ","City",2018,6,1273,1413,1684,2171,2418,1.7,-.7
"Universal City, TX","City",2018,6,766,944,1186,1569,1884,1.3,5.5
"University Place, WA","City",2018,6,991,1135,1413,2051,2440,-1.1,2.6
"Upland, CA","City",2018,6,1232,1471,1863,2578,3023,1.1,4.7
"Urbana, IL","City",2018,6,584,718,890,1118,1489,-.1,.3
"Urbandale, IA","City",2018,6,647,765,942,1277,1391,.6,3.8
"Utica, MI","City",2018,6,651,787,1024,1360,1475,.3,
"Vacaville, CA","City",2018,6,1097,1367,1710,2488,3013,1.2,5.2
"Valdosta, GA","City",2018,6,553,557,713,975,1256,.1,1
"Vallejo, CA","City",2018,6,883,1090,1382,2011,2368,-.9,.2
"Valley Park, MO","City",2018,6,713,808,1049,1390,1621,.3,.3
"Valparaiso, IN","City",2018,6,683,797,967,1232,1434,-.2,
"Valrico, FL","City",2018,6,1142,1304,1623,2146,2574,-.6,-1.8
"Vancouver, WA","City",2018,6,1249,1390,1640,2387,2889,.3,3.1
"Vandalia, OH","City",2018,6,437,487,636,854,1008,0,
"Venice, FL","City",2018,6,942,1013,1302,1786,2171,.4,1.6
"Ventura, CA","City",2018,6,1334,1577,2047,2894,3444,.9,3.7
"Vernon Hills, IL","City",2018,6,1174,1362,1603,2049,2439,0,.2
"Victor, NY","City",2018,6,806,952,1180,1477,1627,3.5,
"Victoria, TX","City",2018,6,734,742,918,1245,1310,1,-2.9
"Victorville, CA","City",2018,6,915,1094,1369,1923,2369,.7,6.8
"Virginia Beach, VA","City",2018,6,1065,1070,1288,1798,2243,.3,.9
"Visalia, CA","City",2018,6,780,785,1026,1487,1706,.3,.3
"Vista, CA","City",2018,6,1283,1421,1843,2654,3248,.6,2.6
"Waco, TX","City",2018,6,530,625,822,1117,1362,0,2.7
"Wadsworth, OH","City",2018,6,650,764,982,1277,1361,6.9,
"Wake Forest, NC","City",2018,6,829,1025,1183,1542,1896,.9,.8
"Waldorf, MD","City",2018,6,1648,1731,2000,2638,3271,.7,4.4
"Walled Lake, MI","City",2018,6,798,965,1255,1667,1809,-.6,-2.8
"Walnut Creek, CA","City",2018,6,1998,2455,3085,4150,4935,.3,0
"Waltham, MA","City",2018,6,1510,1723,2136,2685,2959,1.5,-.1
"Warner Robins, GA","City",2018,6,693,745,894,1156,1373,-.1,1.3
"Warren, MI","City",2018,6,644,778,1013,1346,1460,1.7,9.7
"Warwick, RI","City",2018,6,977,1095,1331,1689,1986,1.8,1.5
"Washington, DC","City",2018,6,1268,1331,1538,2028,2515,.5,-.1
"Washington, PA","City",2018,6,551,639,799,1001,1101,0,
"Wasilla, AK","City",2018,6,736,848,1088,1583,1916,-.3,-9.9
"Watchung, NJ","City",2018,6,3317,3684,4388,5658,6302,.4,3.1
"Waterbury, CT","City",2018,6,822,938,1145,1463,1707,.7,1.9
"Waterloo, IA","City",2018,6,416,497,630,835,1020,.4,1
"Watertown, NY","City",2018,6,656,778,1034,1293,1540,.6,
"Waukee, IA","City",2018,6,752,889,1094,1483,1616,1.5,.8
"Waukegan, IL","City",2018,6,722,837,985,1260,1499,.1,-.3
"Waukesha, WI","City",2018,6,662,805,998,1258,1411,.9,.7
"Wausau, WI","City",2018,6,464,570,732,917,1088,.2,
"Waxahachie, TX","City",2018,6,782,932,1158,1570,1999,1,5.5
"Wayne, MI","City",2018,6,510,617,802,1066,1156,.3,1.7
"Weatherford, TX","City",2018,6,743,886,1101,1492,1901,.3,
"Webster, TX","City",2018,6,889,1008,1234,1682,2138,1,6.6
"Wellington, FL","City",2018,6,1206,1492,1891,2604,3135,.3,.9
"Weslaco, TX","City",2018,6,560,563,731,915,1088,0,0
"Wesley Chapel, FL","City",2018,6,1067,1218,1517,2005,2406,0,.4
"West Chester, PA","City",2018,6,1100,1306,1576,1972,2195,1,1.3
"West Covina, CA","City",2018,6,1478,1759,2260,3072,3387,.2,4.6
"West Des Moines, IA","City",2018,6,638,755,929,1259,1372,.9,-.8
"West Haven, CT","City",2018,6,1019,1163,1419,1812,2115,-.1,1.7
"West Hempstead, NY","City",2018,6,1726,1917,2283,2944,3279,1.6,
"West Hollywood, CA","City",2018,6,1764,2099,2697,3666,4042,3.7,8.2
"West Jordan, UT","City",2018,6,800,990,1228,1768,2032,-3,-.4
"West Lafayette, IN","City",2018,6,673,742,905,1239,1541,-.3,1.8
"West Linn, OR","City",2018,6,1490,1657,1955,2846,3445,1.8,3.4
"West New York, NJ","City",2018,6,1109,1231,1467,1892,2107,.1,.6
"West Palm Beach, FL","City",2018,6,866,1072,1359,1870,2253,.2,2.2
"West Sacramento, CA","City",2018,6,655,738,936,1360,1649,0,3.1
"Westborough, MA","City",2018,6,1149,1299,1655,2094,2353,1,1.3
"Westerville, OH","City",2018,6,746,882,1136,1462,1701,-.4,.8
"Westlake, OH","City",2018,6,767,917,1142,1502,1591,-.8,-4
"Westland, MI","City",2018,6,613,741,964,1281,1390,.3,1.7
"Westminster, CA","City",2018,6,1355,1613,2073,2817,3106,.1,1.4
"Westminster, CO","City",2018,6,1041,1272,1610,2339,2709,1.4,2.8
"Westmont, IL","City",2018,6,1052,1221,1436,1837,2186,1.5,4.7
"Wheat Ridge, CO","City",2018,6,836,1021,1292,1878,2175,-.2,3.1
"Wheaton, IL","City",2018,6,1084,1258,1479,1892,2252,.1,-.2
"Wheeling, IL","City",2018,6,1017,1180,1388,1775,2112,.2,.9
"White Marsh, MD","City",2018,6,1071,1301,1632,2098,2458,1.6,
"White Plains, NY","City",2018,6,1563,1736,2067,2666,2969,-.6,-1.6
"Whittier, CA","City",2018,6,1195,1422,1827,2483,2738,.5,2.1
"Wichita Falls, TX","City",2018,6,497,619,783,1094,1381,1.8,3.9
"Wichita, KS","City",2018,6,478,567,753,1023,1188,.5,.4
"Wildomar, CA","City",2018,6,1185,1417,1773,2491,3068,.8,3.9
"Williamsburg, VA","City",2018,6,993,1009,1202,1656,2055,.9,3.3
"Williamsport, PA","City",2018,6,581,585,715,962,986,.2,
"Willoughby, OH","City",2018,6,616,737,919,1208,1279,.2,.5
"Wilmington, DE","City",2018,6,860,1021,1233,1542,1717,1.2,2.3
"Wilmington, MA","City",2018,6,1964,2241,2779,3492,3849,1.3,.7
"Wilmington, NC","City",2018,6,726,736,930,1300,1638,.5,3.3
"Wilsonville, OR","City",2018,6,1340,1491,1759,2560,3099,2.5,5
"Winston-Salem, NC","City",2018,6,634,652,795,1105,1265,.2,3.3
"Winter Garden, FL","City",2018,6,956,1044,1251,1665,2002,.9,6.6
"Winter Haven, FL","City",2018,6,667,672,880,1167,1477,.8,1.8
"Winter Park, FL","City",2018,6,948,1036,1241,1651,1987,.5,7.7
"Winter Springs, FL","City",2018,6,981,1072,1284,1709,2056,.8,1.5
"Woburn, MA","City",2018,6,1413,1612,1998,2511,2768,1.7,3.8
"Woodinville, WA","City",2018,6,1459,1670,2079,3018,3590,2.1,2.9
"Woodridge, IL","City",2018,6,1050,1219,1434,1833,2182,.9,2.2
"Woodstock, GA","City",2018,6,1068,1120,1294,1698,2087,.3,2.6
"Woodstock, IL","City",2018,6,851,988,1162,1487,1769,-.3,1.5
"Worcester, MA","City",2018,6,858,970,1236,1564,1757,.1,2.8
"Wyandotte, MI","City",2018,6,522,630,820,1090,1182,.1,0
"Wylie, TX","City",2018,6,868,1034,1285,1742,2219,.7,1
"Wyoming, MI","City",2018,6,614,752,914,1294,1428,.7,2.5
"Yakima, WA","City",2018,6,596,696,902,1244,1428,-.1,4
"Yarmouth, ME","City",2018,6,841,949,1196,1609,1755,-4.3,
"York, PA","City",2018,6,485,584,759,993,1060,-1.4,
"Youngstown, OH","City",2018,6,518,580,731,951,1057,0,
"Ypsilanti, MI","City",2018,6,791,842,1016,1395,1750,.4,3.2
"Yucca Valley, CA","City",2018,6,557,667,834,1172,1444,.3,
"Yuma, AZ","City",2018,6,690,707,940,1368,1647,.6,-.2
"Zion, IL","City",2018,6,762,885,1041,1331,1584,.1,-1
"Zionsville, IN","City",2018,6,1084,1258,1557,2087,2380,1.9,3.6
